<?xml version="1.0" encoding="UTF-8"?>
<language author="محمد بشير النعيمي" version="0.6">
	<locale localizedName="عربي" name="Arabic" id="ar_SY" direction="rtl" />
	<word>
		<common>
			<text id="OK" value="موافق" />
			<text id="CANCEL" value="إلغاء الأمر" />
			<text id="YES" value="نعم" />
			<text id="NO" value="لا" />
			<text id="APPLY" value="تطبيق" />
			<text id="START" value="ابدأ" />
			<text id="RESET" value="إستعادة" />
			<text id="NEW" value="جديد" />
			<text id="SAVE_AS" value="حفظ باسم" />
			<text id="HELP" value="مساعدة" />
			<text id="EDIT" value="تحرير" />
			<text id="SEARCH" value="بحث" />
			<text id="GOTO" value="الإنتقال إلى" />
			<text id="VIEW" value="عرض" />
			<text id="CLOSE" value="اغلاق" />
			<text id="INSERT" value="إدراج" />
			<text id="DETAILS" value="تفاصيل" />
			<text id="MORE" value="أكثر" />
			<text id="NEXT" value="التالي" />
			<text id="PREVIOUS" value="السابق" />
			<text id="REFRESH" value="تحديث" />
			<text id="UPDATE" value="تحديث" />
			<text id="SHOW" value="عرض" />
			<text id="NAME" value="إسم" />
			<text id="VALUE" value="قيمة" />
			<text id="NUMBER" value="عدد" />
			<text id="OPTION" value="خصائص" />
			<text id="FILE" value="ملف" />
			<text id="RELOAD" value="إعادة التحميل" />
			<text id="TYPE" value="نوع" />
			<text id="MESSAGE" value="رسالة" />
			<text id="BLOCK" value="فقرة" />
			<text id="LINE_BY_LINE" value="سطر بعد سطر" />
			<text id="AND" value="و" />
			<text id="COMMA" value="،" />
			<text id="SYNCHRONOUS" value="تزامن" />
			<text id="ERROR" value="خطأ" />
			<text id="LANGUAGE" value="لغة" />
			<text id="ABOUT" value="حول" />
			<text id="PRINT" value="طباعة" />
			<text id="HOMEPAGE" value="الصفحة الرئيسية" />
			<text id="WHOLE_QURAN" value="كل القرآن" />
			<text id="MATCH_DIACRITIC" value="إستعمال الحركات" />
			<text id="MATCH_CASE" value="التدقيق بحالة الأحرف" />
			<text id="NEXT_AYA" value="الآية التالية" />
			<text id="NEXT_SURA" value="السورة التالية" />
			<text id="PREV_AYA" value="الآية السابقة" />
			<text id="PREV_SURA" value="السورة السابقة" />
			<text id="THEME" value="سمة" />
			<text id="LAYOUT"   value="تخطيط العرض" />
			<text id="TOOLS"    value="أدوات" />
			<text id="ADD"      value="إضافة" />
			<text id="DELETE"   value="حذف" />
			<text id="REMOVE"   value="إزالة" />
			<text id="TRANSLATION" value="ترجمة" />
			<text id="TRANSLATION_VIEWTYPE" value="ترجمة"   />
			<text id="OPEN"     value="فتح" />
			<text id="IMPORT"   value="استيراد" />
			<text id="COPY"     value="نسخ" />
			<text id="SEPARATE" value="منفصل" />
			<text id="MIXED"    value="مختلط" />
			<text id="OPTIONS"  value="خيارات" />
			<text id="QUESTION" value="سؤال" />
			<text id="FONT"     value="خط" />
			<text id="EXIT"     value="خروج" />
			<text id="GENERAL"  value="عام" />
			<text id="EXCLUDE"  value="إستثناء" />
			<text id="TRUE"     value="محقق" />
			<text id="FALSE"    value="غير محقق" />
			<text id="SELECT"   value="تحديد" />
			<text id="EXPORT"   value="تصدير" />
			<text id="IMPORT"   value="إستيراد" />
			<text id="DESCRIPTION" value="الوصف" />
			<text id="BOOKMARKS" value="إشارات مرجعية" />
			<text id="CONFIGURE" value="إعدادات" />
			<text id="EDIT_BOOKMARK_SET" value="تحرير مجموعات الإشارات المرجعية" />
			<text id="MANAGE_BOOKMARK_SETS" value="إدارة الإشارات المرجعية" />
			<text id="DIRECTION" value="الإتجاه" />
			<text id="LANG_DIRECTION" value="إتجاه اللغة" />
			<text id="RTL"      value="يمين لليسار" />
			<text id="LTR"      value="يسار لليمين" />
			<text id="AUTHOR"   value="المؤلف" />
			<text id="VERSION"  value="الإصدار" />
			<text id="RANDOM_AYA" value="آية عشوائية" />
			<text id="UNTITLED" value="بدون تسمية" />
			<text id="SET_DEFAULT" value="تخصيص كإفتراضي" />
			<text id="NOT_LOADED" value="لم يتم تحميله" />
			<text id="ID"       value="الرقم المعرّف" />
			<text id="OVERWRITE" value="إعادة الكتابة" />
			<text id="SAVE"     value="حفظ" />
			<text id="PATH"     value="المسار" />
			<text id="SHOW_REFS" value="بحث عن المراجع" />
			<text id="MOVE_UP" value="تحريك للأعلى" />
			<text id="MOVE_DOWN" value="تحريك للأسفل" />
			<text id="MULTI_TRANS" value="ترجمة متعدّدة" />
			<text id="CONFIG_CUSTOM_TRANS" value="إعداد ترجمات مخصّصة" />
			<text id="GO" value="إذهب" />
			<text id="CAUTION" value="تحذير" />
			<text id="ADVANCED" value="متقدّم" />
			<text id="QUERY_DETAIL" value="تفاصيل الإستعلام" />
			<text id="PAGE" value="صفحة" />
			<text id="MULTILINE" value="أسطر متعدّدة" />
			<text id="TOGGLE" value="عكس الحالة" />
			<text id="AUDIO" value="Audio"   />
			<text id="CONTINUOUS" value="Continuous"   />
			<text id="DISCRETE" value="Discrete"   />
			<text id="PLAY" value="Play"   />
			<text id="PAUSE" value="Pause"   />
			<text id="STOP" value="Stop"   />
			<text id="RECITATION" value="Recitation"   />
			<text id="MENU_NEXT_AYA" value="Next Aya"   />
			<text id="MENU_NEXT_SURA" value="Next Sura"   />
			<text id="MENU_PREV_AYA" value="Previous Aya"   />
			<text id="MENU_PREV_SURA" value="Previous Sura"   />
			<text id="MENU_NEXT_JUZ" value="Next Juz"   />
			<text id="MENU_PREV_JUZ" value="Previous Juz"   />
			<text id="MENU_NEXT_HIZBQ" value="Next Hizb Quarter"   />
			<text id="MENU_PREV_HIZBQ" value="Previous Hizb Quarter"   />
			<text id="MENU_NEXT_SAJDA" value="Next Sajda"   />
			<text id="MENU_PREV_SAJDA" value="Previous Sajda"   />
		</common>
		<special>
			<text id="QURAN" value="قرآن" />
			<text id="QURAN_VIEWTYPE" value="قرآن"   />
			<text id="SURA" value="سورة" />
			<text id="AYA" value="آية" />
			<text id="SAJDA" value="سجدة" />
			<text id="JUZ" value="جزء" />
			<text id="HIZB"     value="حزب" />
			<text id="QUARTER"  value="ربع" />
			<text id="MAKKI" value="مكي" />
			<text id="MADANI" value="مدني" />
			<text id="DESCENT" value="نزول" />
			<text id="AYA_COUNT" value="عدد الآيات" />
			<text id="MINOR_SAJDA" value="سجدة صغيرة" /> <!-- Mustahab Sajda -->
			<text id="MAJOR_SAJDA" value="سجدة كبيرة" /> <!-- Wajib Sajda -->
			<text id="LOCATION" value="مسار" /> <!-- means a Quran location, e.g. 2-12 for sura Al-Baghara, aya 12 -->
		</special>
	</word>

	<message>
		<inform>
			<text id="SEARCH_RESULT_TITLE" value="نتيجة البحث لـ: «{1}»" />
			<text id="SEARCH_RESULT_COUNT" value="{1} وجدت نتائج في {2} آية" />
			<text id="SEARCH_PAGE" value="صفحة {1} من {2}" />
			<text id="TOO_MANY_RESULT" value="حصلت نتائج في أكثر من {1} آية" />
			<text id="FILE_ALREADY_EXISTS" value="ملف يحمل الإسم &quot;{1}&quot; يوجد حاليا. هل تريد استبداله ؟" />
			<text id="RESTART_APP" value="يجب إعادة تشغيل البرنامج لكي يتم تطبيق التغييرات." />
		</inform>
		<confirm>
			<text id="YES_NO" value="هل أنت متأكد؟" />
			<text id="DEL_YES_NO" value="هل تريد حذف العناصر {1} بشكل دائم؟" />
		</confirm>
		<error>
			<text id="GENERAL_ERROR" value="خطأ غير متوقع" />
			<text id="FNF" value="الملف غير موجود" />
			<text id="ACTION_FAILED" value="لم تنجح العملية!" />
		</error>
		<hint></hint>
	</message>

	<forms>
		<global>
			<text id="APP_NAME" value="ذكر" />
			<text id="APP_FULL_NAME" value="مشروع ذكر القرآني" />
			<text id="FORM_TITLE" value="ذكر" />
			<text id="COPYRIGHT_DISCLAIMER" value="هذا البرنامج يوزع مجانا في أمل أن يكون نافعا بإذن الله، لكنه غير مصحوب بأية ضمانة." />
		</global>
		<form id="QURAN_FORM">
			<text id="TITLE" value="ذكر" />
			<text id="NEW_SCOPE" value="مجال جديد" />
			<text id="EDIT_SCOPES" value="تحرير المجالات" />
			<text id="NO_SCOPE" value="بدون مجال" />
			<text id="CURRENT_PAGE" value="الصفحة الحالية" />
			<text id="QURAN_SCOPE" value="قرآن"   />
			<text id="TRANSLATION_SCOPE" value="ترجمة"   />
			<text id="NATURAL_ORDER" value="ترتيب عادي" />
			<text id="RELEVANCE" value="صلة" />
			<text id="SORT_BY" value="ترتيب النتائج حسب" />
		</form>
		<form id="OPTIONS_FORM">
			<text id="THEME_OPTIONS" value="سمة"   />
			<text id="GENERAL_OPTIONS"  value="عام"   />
			<text id="VIEW_OPTIONS" value="عرض"   />
			<text id="TITLE" value="خيارات البرنامج" />
			<text id="SHOW_SPLASH" value="عرض الشاشة الترحيبية عند التشغيل" />
			<text id="NEW_KEY" value="أدخل مفتاحا جديدا" />
			<text id="THEME_SETTING" value="خصائص السمة" />
			<text id="PRESS_OK_TO_APPLY" value="اضغط على الزر &quot;موافق&quot; لتطبيق التغييرات." />
			<text id="MAX_SEARCH_RESULT" value="أكبر قيمة لنتائج البحث." />
			<text id="RESIZEABLE_TASK_PANE" value="الشريط الجانبي قابل للتمديد" />
		</form>
		<form id="SEARCH_SCOPE_FORM">
			<text id="TITLE" value="إعداد مجال البحث" />
			<text id="SEARCH_SCOPE" value="مجال البحث" />
			<text id="FROM_SURA" value="من السورة" />
			<text id="FROM_AYA" value="من الآية" />
			<text id="TO_SURA" value="الى السورة" />
			<text id="TO_AYA" value="الى الآية" />
			<text id="ILLEGAL_SEARCH_SCOPE" value="عناصر خاطئة في مجال البحث" />
		</form>
		<form id="MANAGE_SCOPES_FORM">
			<text id="TITLE" value="تحرير مجالات البحث" />
		</form>
		<form id="BOOKMARK_SET_FORM">
			<text id="TITLE" value="تحرير مجموعة الإشارة المرجعية: {1}" />
			<text id="NEW_BOOKMARK_FOLDER" value="مجلد جديد للإشارة المرجعية" />
			<text id="NEW_BOOKMARK_ITEM" value="عنصر إشارة مرجعية جديد" />
			<text id="UNIQUE_NAME" value="تسمية مميّزة" />
			<text id="COMMA_SEPARATED" value="إستعمل قيماً مفصولة بفواصل، في حالة وجود أكثر من مؤلف" />
			<text id="ONLY_ENGLISH" value="إستعمل أسماءً إنكليزية فقط (مثل: English, Persian, Arabic, ...)" />
			<text id="DESC_TOOLTIP" value="إصطلاحات، مراجع، إقتباسات، و غير ذلك" />
		</form>
		<form id="BOOKMARK_SET_MANAGE_FORM">
			<text id="TITLE" value="إدارة الإشارات المرجعية" />
			<text id="DBL_CLICK" value="نقر مزدوج على العنصر للفتح أو التحرير" />
			<text id="SET_AS_DEFAULT" value='هل تريد تخصيص "{1}" كإشارة مرجعية إفتراضية؟' />
			<text id="CANNOT_REMOVE_DEFAULT" value="غير قادر على حذف الإشارة المرجعية الإفتراضية" />
			<text id="CANNOT_OVERWRITE_DEFAULT" value="غير قادر على إعادة الكتابة على مجموعة الإشارة المرجعية الإفتراضية. حدد مجموعة إشارة مرجعية أخرى كإفتراضية، ثم حاول عملية الإستيراد مرة ثانية" />
			<text id="ENTER_ID" value="أدخل الرقم المعرّف للإشارة المرجعية" />
			<text id="NEW_BOOKMARK_SET" value="مجموعة إشارة مرجعية جديدة" />
			<text id="EXPORT4WEB" value="تصدير للويب" />
		</form>
		<form id="BOOKMARK_ITEM_FORM">
			<text id="TITLE" value="تحرير خصائص الإشارة المرجعية" />
			<text id="QURAN_LOCATIONS" value="مسارات القرآن" />
			<text id="NEW_BOOKMARK" value="إشارة مرجعية جديدة" />
			<text id="NEW_FOLDER" value="مجلد جديد" />
		</form>
		<form id="BOOKMARK_REF">
			<text id="TITLE" value="مجموعة إشارة مرجعية تشير لـ: {1}" />
		</form>
		<form id="IMPORT_QUESTION">
			<text id="IMPORT_FOR" value="إستيراد من أجل المستخدمين:" />
			<text id="ME_ONLY" value="لي فقط" />
			<text id="ALL_USERS" value="جميع المستخدمين  (يحتاج لسماحية الكتابة على مجلد التنصيب)" />
			<text id="FOLLOWING_USERS" value="فهرس للمستخدمين التاليين" />
		</form>
		<form id="CONFIG_CUSTOM_TRANS">
			<text id="REMOVE_CUSTOM"   value="إزالة"   />
			<text id="ADD_CUSTOM"      value="إضافة"   />
			<text id="TITLE" value="إعداد ترجمات مخصّصة" />
			<text id="AVAILABLE" value="الترجمات متاحة" />
			<text id="CURRENT" value="الترجمات حالية" />
		</form>
		<form id="PROGRESS">
			<text id="PLEASE_WAIT" value="إنتظر من فضلك" />
			<text id="INDEXING" value="فهرسة" /><!-- The process of indexing a document for faster search -->
			<text id="TAKE_TIME" value="هذه العملية ستأخذ بعض الوقت وذلك تبعاً لحجم المستتند المستخدم" />
		</form>
	</forms>
</language>
