<?xml version="1.0" encoding="UTF-8"?>
<language author="Mohsen Saboorian" version="0.6">
	<locale localizedName="English" name="English" id="en_US" direction="ltr" />
	<word>
		<common>
			<text id="OK" value="OK" />
			<text id="CANCEL" value="Cancel" />
			<text id="YES" value="Yes" />
			<text id="NO" value="No" />
			<text id="APPLY" value="Apply" />
			<text id="START" value="Start" />
			<text id="RESET" value="Reset" />
			<text id="NEW" value="New" />
			<text id="SAVE_AS" value="Save As" />
			<text id="HELP" value="Help" />
			<text id="EDIT" value="Edit" />
			<text id="SEARCH" value="Search" />
			<text id="GOTO" value="Go to" />
			<text id="VIEW" value="View" />
			<text id="CLOSE" value="Close" />
			<text id="INSERT" value="Insert" />
			<text id="DETAILS" value="Details" />
			<text id="MORE" value="More" />
			<text id="NEXT" value="Next" />
			<text id="PREVIOUS" value="Previous" />
			<text id="REFRESH" value="Refresh" />
			<text id="UPDATE" value="Update" />
			<text id="SHOW" value="Show" />
			<text id="NAME" value="Name" />
			<text id="VALUE" value="Value" />
			<text id="NUMBER" value="Number" />
			<text id="OPTION" value="Option" />
			<text id="FILE" value="File" />
			<text id="RELOAD" value="Reload" />
			<text id="TYPE" value="Type" />
			<text id="MESSAGE" value="Message" />
			<text id="BLOCK" value="Block" />
			<text id="LINE_BY_LINE" value="Line By Line" />
			<text id="AND" value="and" />
			<text id="COMMA" value="," />
			<text id="SYNCHRONOUS" value="Synchronous" />
			<text id="ERROR" value="Error" />
			<text id="LANGUAGE" value="Language" />
			<text id="ABOUT" value="About" />
			<text id="PRINT" value="Print" />
			<text id="HOMEPAGE" value="Home Page" />
			<text id="WHOLE_QURAN" value="Whole Quran" />
			<text id="MATCH_DIACRITIC" value="Match diacritic" />
			<text id="MATCH_CASE" value="Match case" />
			<text id="NEXT_AYA" value="Next aya" />
			<text id="NEXT_SURA" value="Next sura" />
			<text id="PREV_AYA" value="Previous aya" />
			<text id="PREV_SURA" value="Previous sura" />
			<text id="THEME" value="T&amp;heme" />
			<text id="LAYOUT" value="Layout" />
			<text id="TOOLS" value="Tools" />
			<text id="ADD" value="Add" />
			<text id="DELETE" value="Delete" />
			<text id="REMOVE" value="Remove" />
			<text id="TRANSLATION" value="Translation" />
            <text id="TRANSLATION_VIEWTYPE" value="T&amp;ranslation layout"   />
			<text id="OPEN" value="Open" />
			<text id="IMPORT" value="Import" />
			<text id="COPY" value="Copy" />
			<text id="SEPARATE" value="Separate" />
			<text id="MIXED" value="Mi&amp;xed" />
			<text id="OPTIONS" value="Options" />
			<text id="QUESTION" value="Question" />
			<text id="FONT" value="Font" />
			<text id="GENERAL" value="General" />
			<text id="EXIT" value="Exit" />
			<text id="EXCLUDE" value="Exclude" />
			<text id="TRUE" value="True" />
			<text id="FALSE" value="False" />
			<text id="SELECT" value="Select" />
			<text id="EXPORT" value="Export" />
			<text id="IMPORT" value="Import" />
			<text id="DESCRIPTION" value="Description" />
			<text id="BOOKMARKS" value="Bookmarks" />
			<text id="CONFIGURE" value="Configure" />
			<text id="EDIT_BOOKMARK_SET" value="Edit Bookmark Set" />
			<text id="MANAGE_BOOKMARK_SETS" value="Manage Bookmark Sets" />
			<text id="DIRECTION" value="Direction" />
			<text id="LANG_DIRECTION" value="Language direction" />
			<text id="RTL" value="Right to left" />
			<text id="LTR" value="Left to right" />
			<text id="AUTHOR" value="Author" />
			<text id="VERSION" value="Version" />
			<text id="RANDOM_AYA" value="Random &amp;Aya" />
			<text id="UNTITLED" value="Untitled" />
			<text id="SET_DEFAULT" value="Set as default" />
			<text id="NOT_LOADED" value="Not loaded" />
			<text id="ID" value="ID" />
			<text id="OVERWRITE" value="Overwrite" />
			<text id="SAVE" value="Save" />
			<text id="PATH" value="Path" />
			<text id="SHOW_REFS" value="Show References" />
			<text id="MOVE_UP" value="Move up" />
			<text id="MOVE_DOWN" value="Move down" />
			<text id="MULTI_TRANS" value="Multi-translation" /> <!-- NOTE: This element replaced with CUSTOM_MIXED -->
			<text id="CONFIG_CUSTOM_TRANS" value="Configure Custom Translations" />
			<text id="GO" value="Go" />
			<text id="CAUTION" value="Caution" />
			<text id="ADVANCED" value="Advanced" />
			<text id="QUERY_DETAIL" value="Query detail" />
			<text id="PAGE" value="Page" />
			<text id="MULTILINE" value="Multiline" />
			<text id="TOGGLE" value="Toggle" />
			<text id="AUDIO" value="Audio"   />
			<text id="CONTINUOUS" value="Continuous"   />
			<text id="DISCRETE" value="Discrete"   />
			<text id="PLAY" value="Play"   />
			<text id="PAUSE" value="Pause"   />
			<text id="STOP" value="Stop"   />
			<text id="RECITATION" value="Recitation"   />
			<text id="MENU_NEXT_AYA" value="Ne&amp;xt Aya"   />
			<text id="MENU_NEXT_SURA" value="Next Sura"   />
			<text id="MENU_PREV_AYA" value="Previous &amp;Aya"   />
			<text id="MENU_PREV_SURA" value="Previous Sura"   />
			<text id="MENU_NEXT_JUZ" value="Nex&amp;t Juz"   />
			<text id="MENU_PREV_JUZ" value="Pr&amp;evious Juz"   />
			<text id="MENU_NEXT_HIZBQ" value="Next Hiz&amp;b Quarter"   />
			<text id="MENU_PREV_HIZBQ" value="Previous Hi&amp;zb Quarter"   />
			<text id="MENU_NEXT_SAJDA" value="Next Sa&amp;jda"   />
			<text id="MENU_PREV_SAJDA" value="Previous Saj&amp;da"   />
		</common>
		<special>
			<text id="QURAN" value="Quran" />
			<text id="QURAN_VIEWTYPE" value="Q&amp;uran layout"   />
			<text id="SURA" value="Sura" />
			<text id="AYA" value="Aya" />
			<text id="SAJDA" value="Sajda" />
			<text id="JUZ" value="Juz" />
			<text id="HIZB" value="Hizb" />
			<text id="QUARTER" value="Quarter" />
			<text id="MAKKI" value="Makki" />
			<text id="MADANI" value="Madani" />
			<text id="DESCENT" value="Descent" />
			<text id="AYA_COUNT" value="Aya count" />
			<text id="MINOR_SAJDA" value="Minor sajda" /><!-- Mustahab Sajda -->
			<text id="MAJOR_SAJDA" value="Major sajda" /><!-- Wajib Sajda -->
			<text id="LOCATION" value="Location" /><!-- means a Quran location, e.g. 2-12 for sura Al-Baghara, aya 12 -->
		</special>
	</word>

	<message>
		<inform>
			<text id="SEARCH_RESULT_TITLE" value="Search result for: &quot;{1}&quot;" />
			<text id="SEARCH_RESULT_COUNT" value="{1} results found in {2} ayas." />
			<text id="SEARCH_PAGE" value="Page {1} of {2}" />
			<text id="TOO_MANY_RESULT" value="Search result is more than {1} ayas" />
			<text id="FILE_ALREADY_EXISTS" value="A file with the name &quot;{1}&quot; already exists. Do you want to replace it?" />
			<text id="RESTART_APP" value="You need to restart the application for the changes to take effect." />
		</inform>
		<confirm>
			<text id="YES_NO" value="Are you sure?" />
			<text id="DEL_YES_NO" value="Permanently delete {1} item(s)?" />
		</confirm>
		<error>
			<text id="GENERAL_ERROR" value="An unexpected error occurred" />
			<text id="FNF" value="File not found" />
			<text id="ACTION_FAILED" value="Action failed!" />
		</error>
		<hint></hint>
	</message>

	<forms>
		<global>
			<text id="APP_NAME" value="Zekr" />
			<text id="APP_FULL_NAME" value="The Zekr Quranic Project" />
			<text id="FORM_TITLE" value="Zekr" />
			<text id="COPYRIGHT_DISCLAIMER" value="This program is distributed freely in the hope that it will be helpful, but without any warranty." />
		</global>
		<form id="QURAN_FORM">
			<text id="TITLE" value="Zekr" />
			<text id="NEW_SCOPE" value="New scope" />
			<text id="EDIT_SCOPES" value="Edit scopes" />
			<text id="NO_SCOPE" value="No scope" />
			<text id="CURRENT_PAGE" value="Current page" />
			<text id="QURAN_SCOPE" value="Quran"   />
			<text id="TRANSLATION_SCOPE" value="Translation"   />
			<text id="NATURAL_ORDER" value="Natural Order" />
			<text id="RELEVANCE" value="Relevance" />
			<text id="SORT_BY" value="Sort results by" />
		</form>
		<form id="OPTIONS_FORM">
			<text id="THEME_OPTIONS" value="Theme"   />
			<text id="GENERAL_OPTIONS" value="General"   />
			<text id="VIEW_OPTIONS" value="View"   />
			<text id="TITLE" value="Application Options" />
			<text id="SHOW_SPLASH" value="Display logo at startup" />
			<text id="NEW_KEY" value="Enter a new key" />
			<text id="THEME_SETTING" value="Theme settings" />
			<text id="PRESS_OK_TO_APPLY" value="Press &quot;OK&quot; button for changes to be applied." />
			<text id="MAX_SEARCH_RESULT" value="Maximum search result count" />
			<text id="RESIZEABLE_TASK_PANE" value="Resizeable task pane" />
		</form>
		<form id="SEARCH_SCOPE_FORM">
			<text id="TITLE" value="Configure Search Scope" />
			<text id="SEARCH_SCOPE" value="Search scope" />
			<text id="FROM_SURA" value="From sura" />
			<text id="FROM_AYA" value="From aya" />
			<text id="TO_SURA" value="To sura" />
			<text id="TO_AYA" value="To aya" />
			<text id="ILLEGAL_SEARCH_SCOPE" value="Illegal search scope items" />
		</form>
		<form id="MANAGE_SCOPES_FORM">
			<text id="TITLE" value="Edit Search Scopes" />
		</form>
		<form id="BOOKMARK_SET_FORM">
			<text id="TITLE" value="Edit Bookmark Set: {1}" />
			<text id="NEW_BOOKMARK_FOLDER" value="New bookmark folder" />
			<text id="NEW_BOOKMARK_ITEM" value="New bookmark item" />
			<text id="UNIQUE_NAME" value="A unique name" />
			<text id="COMMA_SEPARATED" value="Separate multiple authors by commas" />
			<text id="ONLY_ENGLISH" value="Use only English names (e.g. English, Persian, Arabic, ...)" />
			<text id="DESC_TOOLTIP" value="Conventions, quotes, references, and other bookmark-related topics go here" />
		</form>
		<form id="BOOKMARK_SET_MANAGE_FORM">
			<text id="TITLE" value="Manage Bookmark Sets" />
			<text id="DBL_CLICK" value="Double click on items to load and/or edit them." />
			<text id="SET_AS_DEFAULT" value="Do you want to set &quot;{1}&quot; as your default bookmark set?" />
			<text id="CANNOT_REMOVE_DEFAULT" value="Cannot remove default bookmark." />
			<text id="CANNOT_OVERWRITE_DEFAULT" value="Cannot overwrite on the default bookmark set. Select another bookmark set as default, and try to import." />
			<text id="ENTER_ID" value="Enter the bookmark ID" />
			<text id="NEW_BOOKMARK_SET" value="New Bookmark Set" />
			<text id="EXPORT4WEB" value="Export for Web" />
		</form>
		<form id="BOOKMARK_ITEM_FORM">
			<text id="TITLE" value="Edit Bookmark" />
			<text id="QURAN_LOCATIONS" value="Quran locations" />
			<text id="NEW_BOOKMARK" value="New Bookmark" />
			<text id="NEW_FOLDER" value="New Folder" />
		</form>
		<form id="BOOKMARK_REF">
			<text id="TITLE" value="Bookmark References To: {1}" />
		</form>
		<form id="IMPORT_QUESTION">
			<text id="IMPORT_FOR" value="Import For The Following Users:" />
			<text id="ME_ONLY" value="Me only" />
			<text id="ALL_USERS" value="All users (requires write access to installation directory)" />
			<text id="FOLLOWING_USERS" value="Index for the following users" />
		</form>
		<form id="CONFIG_CUSTOM_TRANS">
			<text id="REMOVE_CUSTOM" value="Don't use"   />
			<text id="ADD_CUSTOM" value="Use"   />
			<text id="TITLE" value="Configure Custom Translations" />
			<text id="AVAILABLE" value="Available translations" />
			<text id="CURRENT" value="Currently used translations" />
		</form>
		<form id="PROGRESS">
			<text id="PLEASE_WAIT" value="Please wait" />
			<text id="INDEXING" value="Indexing" /><!-- The process of indexing a document for faster search -->
			<text id="TAKE_TIME" value="This action may take several minutes, based on the size of the document being indexed." />
		</form>
	</forms>
</language>
