<?xml version="1.0" encoding="UTF-8"?>
<language author="Riyad Preukschas" version="0.6">
	<locale localizedName="Deutsch" name="German" id="de_DE" direction="ltr" />
	<word>
		<common>
			<text id="OK"   value="OK" />
			<text id="CANCEL" value="Abbrechen" />
			<text id="YES"  value="Ja" />
			<text id="NO"   value="Nein" />
			<text id="APPLY"  value="Übernehmen" />
			<text id="START"  value="Start" />
			<text id="RESET"  value="Zurücksetzen" />
			<text id="NEW"  value="Neu" />
			<text id="SAVE_AS"  value="Speichern unter" />
			<text id="HELP"   value="Hilfe" />
			<text id="EDIT"   value="Bearbeiten" />
			<text id="SEARCH" value="Suchen" />
			<text id="GOTO"   value="Gehe zu" />
			<text id="VIEW"   value="Ansicht" />
			<text id="CLOSE"  value="Schließen" />
			<text id="INSERT" value="Einfügen" />
			<text id="DETAILS"  value="Details" />
			<text id="MORE"   value="Mehr" />
			<text id="NEXT"   value="Nächster" />
			<text id="PREVIOUS" value="Vorheriger" />
			<text id="REFRESH"  value="Aktuallisieren" />
			<text id="UPDATE" value="Update" />
			<text id="SHOW"   value="Anzeigen" />
			<text id="NAME"   value="Name" />
			<text id="VALUE"  value="Wert" />
			<text id="NUMBER" value="Nummer" />
			<text id="OPTION" value="Einstellungen" />
			<text id="FILE"   value="Datei" />
			<text id="RELOAD" value="Aktuallisieren" />
			<text id="TYPE"   value="Art" />
			<text id="MESSAGE"  value="Benachrichtigung" />
			<text id="BLOCK"  value="Blockweise" />
			<text id="LINE_BY_LINE" value="Zeilenweise" />
			<text id="AND"  value="und" />
			<text id="COMMA"  value="," />
			<text id="SYNCHRONOUS" value="Synchron" />
			<text id="ERROR"  value="Fehler" />
			<text id="LANGUAGE" value="Sprache" />
			<text id="ABOUT"  value="Über" />
			<text id="PRINT"  value="Drucken" />
			<text id="HOMEPAGE" value="Homepage" />
			<text id="WHOLE_QURAN" value="Den ganzen Quran" />
			<text id="MATCH_DIACRITIC" value="Diakritische Zeichen einbeziehen" />
			<text id="MATCH_CASE" value="Groß-/Kleinschreibung beachten" />
			<text id="NEXT_AYA" value="Nächste Aya" />
			<text id="NEXT_SURA" value="Nächste Sura" />
			<text id="PREV_AYA" value="Vorherige Aya" />
			<text id="PREV_SURA" value="Vorherige Sura" />
			<text id="THEME" value="Themen" />
			<text id="LAYOUT" value="Layout" />
			<text id="TOOLS"   value="Extras" />
			<text id="ADD"   value="Hinzufügen" />
			<text id="DELETE" value="Löschen" />
			<text id="REMOVE" value="Entfernen" />
			<text id="TRANSLATION" value="Übersetzung" />
			<text id="TRANSLATION_VIEWTYPE" value="Ü&amp;bersetzung"   />
			<text id="OPEN"     value="Öffnen" />
			<text id="IMPORT"   value="Importieren" />
			<text id="COPY"     value="Kopieren" />
			<text id="SEPARATE" value="Getrennt" />
			<text id="MIXED"    value="Vereinigt" />
			<text id="OPTIONS"  value="Einstellungen" />
			<text id="QUESTION" value="Frage" />
			<text id="FONT"     value="Schriftart" />
			<text id="GENERAL"  value="Allgemein" />
			<text id="EXIT"     value="Beenden" />
			<text id="EXCLUDE"  value="Ausschließen" />
			<text id="TRUE"     value="Wahr" />
			<text id="FALSE"    value="Falsch" />
			<text id="SELECT"   value="Auswählen" />
			<text id="EXPORT"   value="Exportieren" />
			<text id="IMPORT"   value="Importieren" />
			<text id="DESCRIPTION" value="Beschreibung" />
			<text id="BOOKMARKS" value="Lesezeichen" />
			<text id="CONFIGURE" value="Lesezeichensammlung bearbeiten" />
			<text id="EDIT_BOOKMARK_SET" value="Lesezeichensammlung &amp;bearbeiten" />
			<text id="MANAGE_BOOKMARK_SETS" value="Lesezeichensammlungen &amp;verwalten" />
			<text id="DIRECTION" value="Richtung" />
			<text id="LANG_DIRECTION" value="Lese-/Schreibrichtung" />
			<text id="RTL"      value="Von rechts nach links" />
			<text id="LTR"      value="Von links nach rechts" />
			<text id="AUTHOR"   value="Autor" />
			<text id="VERSION"  value="Version" />
			<text id="RANDOM_AYA" value="Zufällige Aya" />
			<text id="UNTITLED" value="- Unbennannt -" />
			<text id="SET_DEFAULT" value="Als Standard einstellen" />
			<text id="NOT_LOADED" value="Nicht geladen" />
			<text id="ID"       value="ID" />
			<text id="OVERWRITE" value="Überschreiben" />
			<text id="SAVE"     value="Speichern" />
			<text id="PATH"     value="Pfad" />
			<text id="SHOW_REFS" value="Verweise &amp;anzeigen" />
			<text id="MOVE_UP" value="Nach oben" />
			<text id="MOVE_DOWN" value="Nach unten" />
			<text id="MULTI_TRANS" value="Eigene Übersetzungsansicht" />
			<text id="CONFIG_CUSTOM_TRANS" value="Eigene Übersetzungsansicht einstellen" />
			<text id="GO" value="Hinspringen" />
			<text id="CAUTION" value="Vorsicht" />
			<text id="ADVANCED" value="Erweitert" />
			<text id="QUERY_DETAIL" value="Suchdetails" />
			<text id="PAGE" value="Seite" />
			<text id="MULTILINE" value="Mehrzeilig" />
			<text id="TOGGLE" value="Auf-/Zuklappen" />
			<text id="AUDIO" value="Audio"   />
			<text id="CONTINUOUS" value="Continuous"   />
			<text id="DISCRETE" value="Discrete"   />
			<text id="PLAY" value="Play"   />
			<text id="PAUSE" value="Pause"   />
			<text id="STOP" value="Stop"   />
			<text id="RECITATION" value="Recitation"   />
			<text id="MENU_NEXT_AYA" value="Ne&amp;xt Aya"   />
			<text id="MENU_NEXT_SURA" value="Next Sura"   />
			<text id="MENU_PREV_AYA" value="Previous &amp;Aya"   />
			<text id="MENU_PREV_SURA" value="Previous Sura"   />
			<text id="MENU_NEXT_JUZ" value="Nex&amp;t Juz"   />
			<text id="MENU_PREV_JUZ" value="Pr&amp;evious Juz"   />
			<text id="MENU_NEXT_HIZBQ" value="Next Hiz&amp;b Quarter"   />
			<text id="MENU_PREV_HIZBQ" value="Previous Hi&amp;zb Quarter"   />
			<text id="MENU_NEXT_SAJDA" value="Next Sa&amp;jda"   />
			<text id="MENU_PREV_SAJDA" value="Previous Saj&amp;da"   />
		</common>
		<special>
			<text id="QURAN"  value="Quran" />
			<text id="QURAN_VIEWTYPE"  value="Q&amp;uran"   />
			<text id="SURA"   value="Sura" />
			<text id="AYA"  value="Aya" />
			<text id="SAJDA"  value="Sajda" />
			<text id="JUZ"  value="Juz" />
			<text id="HIZB"     value="Hizb" />
			<text id="QUARTER"  value="Viertel" />
			<text id="MAKKI"  value="Makki" />
			<text id="MADANI" value="Madani" />
			<text id="DESCENT"  value="Geoffenbart" />
			<text id="AYA_COUNT"  value="Ayaanzahl" />
			<text id="MINOR_SAJDA" value="Kleine Sajda" /> <!-- Mustahab Sajda -->
			<text id="MAJOR_SAJDA" value="Große Sajda" /> <!-- Wajib Sajda -->
			<text id="LOCATION" value="Quranstelle" /> <!-- means a Quran location, e.g. 2-12 for sura Al-Baghara, aya 12 -->
		</special>
	</word>

	<message>
		<inform>
			<text id="SEARCH_RESULT_TITLE" value="Ergebnis der Suche nach: &quot;{1}&quot;" />
			<text id="SEARCH_RESULT_COUNT" value="Es wurden {1} Übereinstimmungen in {2} Ayas gefunden." />
			<text id="SEARCH_PAGE" value="Seite {1} von {2}" />
			<text id="TOO_MANY_RESULT" value="Ergebnis der Suche hat mehr als {1} Ayas." />
			<text id="FILE_ALREADY_EXISTS" value="Eine Datei mit dem Namen &quot;{1}&quot; existiert bereits. Möchten Sie sie überschreiben?" />
			<text id="RESTART_APP" value="Sie müssen die Anwendung neustarten, damit die Änderungen wirksam werden." />
		</inform>
		<confirm>
			<text id="YES_NO" value="Sind Sie sicher?" />
			<text id="DEL_YES_NO" value="{1} Eintrag/Einträge dauerhaft löschen?" />
		</confirm>
		<error>
			<text id="GENERAL_ERROR" value="Ein unerwarteter Fehler ist aufgetreten" />
			<text id="FNF" value="Datei nicht gefunden" />
			<text id="ACTION_FAILED" value="Aktion fehlgeschlagen!" />
		</error>
		<hint></hint>
	</message>

	<forms>
		<global>
			<text id="APP_NAME" value="Zekr" />
			<text id="APP_FULL_NAME" value="Das Zekr-Quranprojekt" />
			<text id="FORM_TITLE" value="Zekr" />
			<text id="COPYRIGHT_DISCLAIMER" value="Dieses Programm wird in der Hoffnung, dass es hilfreich sein möge, zur freien Verfügung gestellt, jedoch ohne jegliche Gewähr." />
		</global>
		<form id="QURAN_FORM">
			<text id="TITLE" value="Zekr" />
			<text id="NEW_SCOPE" value="Neuer Suchbereich" />
			<text id="EDIT_SCOPES" value="Suchbereich bearbeiten" />
			<text id="NO_SCOPE" value="Kein Suchbereich" />
			<text id="CURRENT_PAGE" value="Auf dieser Seite" />
			<text id="QURAN_SCOPE"  value="Quran"   />
			<text id="TRANSLATION_SCOPE" value="Übersetzung"   />
			<text id="NATURAL_ORDER" value="Natürlicher Ordnung" />
			<text id="RELEVANCE" value="Relevanz" />
			<text id="SORT_BY" value="Ergebnisse sortieren nach" />
		</form>
		<form id="OPTIONS_FORM">
			<text id="THEME_OPTIONS" value="Themen"   />
			<text id="GENERAL_OPTIONS"  value="Allgemein"   />
			<text id="VIEW_OPTIONS"   value="Ansicht"   />
			<text id="TITLE" value="Einstellungen" />
			<text id="SHOW_SPLASH" value="Startbildschirm anzeigen" />
			<text id="NEW_KEY" value="Bezeichnung des neuen Eintrages" />
			<text id="THEME_SETTING" value="Themeneinstellungen" />
			<text id="PRESS_OK_TO_APPLY" value="Drücken Sie &quot;OK&quot;, damit die Änderungen wirksam werden!" />
			<text id="MAX_SEARCH_RESULT" value="Maximale Anzahl an Suchergebnissen" />
			<text id="RESIZEABLE_TASK_PANE" value="Größenänderung von Aufgabenfläche ermöglichen" />
		</form>
		<form id="SEARCH_SCOPE_FORM">
			<text id="TITLE" value="Suchbereich einstellen" />
			<text id="SEARCH_SCOPE" value="Suchbereich" />
			<text id="FROM_SURA" value="Von Sura" />
			<text id="FROM_AYA" value="Von Aya" />
			<text id="TO_SURA" value="Bis Sura" />
			<text id="TO_AYA" value="Bis Aya" />
			<text id="ILLEGAL_SEARCH_SCOPE" value="Ungültige Suchbereichseinstellung" />
		</form>
		<form id="MANAGE_SCOPES_FORM">
			<text id="TITLE" value="Suchbereiche bearbeiten" />
		</form>
		<form id="BOOKMARK_SET_FORM">
			<text id="TITLE" value="Lesezeichensammlung bearbeiten: {1}" />
			<text id="NEW_BOOKMARK_FOLDER" value="Neuer Lesezeichenordner" />
			<text id="NEW_BOOKMARK_ITEM" value="Neues Lesezeichen" />
			<text id="UNIQUE_NAME" value="Eine eindeutige Bezeichnung" />
			<text id="COMMA_SEPARATED" value="Trennen Sie mehrere Autoren durch Kommata" />
			<text id="ONLY_ENGLISH" value="Nur englische Bezeichnungen verwenden (z.B. English, Persian, Arabic, ...)" />
			<text id="DESC_TOOLTIP" value="Gebrauch, Zitate, Referenzen und andere Informationen im Bezug zum Lesezeichen" />
		</form>
		<form id="BOOKMARK_SET_MANAGE_FORM">
			<text id="TITLE" value="Lesezeichensammlungen verwalten" />
			<text id="DBL_CLICK" value="Klicken Sie doppelt auf Einträge, um Sie laden und/oder bearbeiten." />
			<text id="SET_AS_DEFAULT" value="Wollen Sie Lesezeichensammlung &quot;{1}&quot; zu Ihrer Standardlesezeichensammlung machen?" />
			<text id="CANNOT_REMOVE_DEFAULT" value="Eine Standardlesezeichensammlung kann nicht entfernt werden." />
			<text id="CANNOT_OVERWRITE_DEFAULT" value="Standardlesezeichensammlung kann nicht überschrieben werden. Wählen Sie eine andere Lesezeichensammlung als Standard und versuchen Sie den Import erneut." />
			<text id="ENTER_ID" value="Lesezeichen-ID eingeben" />
			<text id="NEW_BOOKMARK_SET" value="Neue Lesezeichensammlung" />
			<text id="EXPORT4WEB" value="Für das Web exportieren" />
		</form>
		<form id="BOOKMARK_ITEM_FORM">
			<text id="TITLE" value="Lesezeichen bearbeiten" />
			<text id="QURAN_LOCATIONS" value="Quranstellen" />
			<text id="NEW_BOOKMARK" value="Neues Lesezeichen" />
			<text id="NEW_FOLDER" value="Neuer Ordner" />
		</form>
		<form id="BOOKMARK_REF">
			<text id="TITLE" value="Verweise von Lesezeichen auf: {1}" />
		</form>
		<form id="IMPORT_QUESTION">
			<text id="IMPORT_FOR" value="Für folgende Benutzer importieren:" />
			<text id="ME_ONLY" value="Mich alleine" />
			<text id="ALL_USERS" value="Alle Benutzer (benötigt Schreibzugriff auf das Installationsverzeichnis)" />
			<text id="FOLLOWING_USERS" value="Für folgende Benutzer indizieren" />
		</form>
		<form id="CONFIG_CUSTOM_TRANS">
			<text id="REMOVE_CUSTOM" value="Entfernen"   />
			<text id="ADD_CUSTOM"   value="Hinzufügen"   />
			<text id="TITLE" value="Eigene Übersetzungen einstellen" />
			<text id="AVAILABLE" value="Verfügbare Übersetzungen" />
			<text id="CURRENT" value="Verwendete Übersetzungen" />
		</form>
		<form id="PROGRESS">
			<text id="PLEASE_WAIT" value="Warten Sie bitte" />
			<text id="INDEXING" value="Indizierung" /><!-- The process of indexing a document for faster search -->
			<text id="TAKE_TIME" value="Dieser Vorgang kann abhägig von der Größe des zu indizierenden Dokumentes einige Minuten dauern." />
		</form>
	</forms>
</language>
