<?xml version="1.0" encoding="UTF-8"?>
<language author="Ari R. Fikri" version="0.6">
	<locale localizedName="Indonesian" name="Indonesian" id="id_ID" direction="ltr" />
	<word>
		<common>
			<text id="OK"       value="OK" />
			<text id="CANCEL"   value="Batal" />
			<text id="YES"      value="Ya" />
			<text id="NO"       value="Tidak" />
			<text id="APPLY"    value="Terapkan" />
			<text id="START"    value="Mulai" />
			<text id="RESET"    value="Reset" />
			<text id="NEW"      value="Baru" />
			<text id="SAVE_AS"  value="Simpan Sebagai" />
			<text id="HELP"     value="Pertolongan" />
			<text id="EDIT"     value="Edit" />
			<text id="SEARCH"   value="Cari" />
			<text id="GOTO"     value="Ke..." />
			<text id="VIEW"     value="Tampilan" />
			<text id="CLOSE"    value="Tutup" />
			<text id="INSERT"   value="Sisipkan" />
			<text id="DETAILS"  value="Detail" />
			<text id="MORE"     value="Lagi..." />
			<text id="NEXT"     value="Selanjutnya" />
			<text id="PREVIOUS" value="Sebelumnya" />
			<text id="REFRESH"  value="Refresh" />
			<text id="UPDATE"   value="Perbaharui" />
			<text id="SHOW"     value="Tampilkan" />
			<text id="NAME"     value="Nama" />
			<text id="VALUE"    value="Nilai" />
			<text id="NUMBER"   value="Nomor" />
			<text id="OPTION"   value="Opsi/Pilihan" />
			<text id="FILE"     value="File" />
			<text id="RELOAD"   value="Tampil Ulang" />
			<text id="TYPE"     value="Tipe" />
			<text id="MESSAGE"  value="Pesan" />
			<text id="BLOCK"    value="Blok" />
			<text id="LINE_BY_LINE" value="Per Baris" />
			<text id="AND"      value="dan" />
			<text id="COMMA"    value="," />
			<text id="SYNCHRONOUS" value="Tersinkronisasi" />
			<text id="ERROR"    value="Error" />
			<text id="LANGUAGE" value="Bahasa" />
			<text id="ABOUT"    value="Tentang Program" />
			<text id="PRINT"    value="Print" />
			<text id="HOMEPAGE" value="Home page" />
			<text id="WHOLE_QURAN" value="Quran Keseluruhan" />
			<text id="MATCH_DIACRITIC" value="Pengenal ditemukan" />
			<text id="MATCH_CASE" value="Penulisan yang sama" />
			<text id="NEXT_AYA" value="Ayat Selanjutnya" />
			<text id="NEXT_SURA" value="Surat Selanjutnya" />
			<text id="PREV_AYA" value="Ayat Sebelumnya" />
			<text id="PREV_SURA" value="Surat Sebelumnya" />
			<text id="THEME" value="Tema" />
			<text id="LAYOUT"   value="Tampilan" />
			<text id="TOOLS"    value="Peralatan" />
			<text id="ADD"      value="Tambah" />
			<text id="DELETE"   value="Hapus" />
			<text id="REMOVE"   value="Buang" />
			<text id="TRANSLATION" value="Terjemahan" />
			<text id="TRANSLATION_VIEWTYPE" value="Terjemahan"   />
			<text id="OPEN"     value="Buka" />
			<text id="IMPORT"   value="Import" />
			<text id="COPY"     value="Copy" />
			<text id="SEPARATE" value="Dipisah" />
			<text id="MIXED"    value="Disatukan" />
			<text id="OPTIONS"  value="Opsi" />
			<text id="QUESTION" value="Pertanyaan" />
			<text id="FONT"     value="Font" />
			<text id="GENERAL"  value="Umum" />
			<text id="EXIT"     value="Keluar" />
			<text id="EXCLUDE"  value="Abaikan" />
			<text id="TRUE"     value="Benar" />
			<text id="FALSE"    value="Salah" />
			<text id="SELECT"   value="Pilih" />
			<text id="EXPORT"   value="Ekspor" />
			<text id="IMPORT"   value="Impor" />
			<text id="DESCRIPTION" value="Deskripsi" />
			<text id="BOOKMARKS" value="Bookmark" />
			<text id="CONFIGURE" value="Konfigurasi" />
			<text id="EDIT_BOOKMARK_SET" value="Edit Bookmark Set" />
			<text id="MANAGE_BOOKMARK_SETS" value="Manage Bookmark Sets" />
			<text id="DIRECTION" value="Arah" />
			<text id="LANG_DIRECTION" value="Arah Bahasa" />
			<text id="RTL"      value="Kanan ke kiri" />
			<text id="LTR"      value="Kiri ke kanan" />
			<text id="AUTHOR"   value="Penulis" />
			<text id="VERSION"  value="Versi" />
			<text id="RANDOM_AYA" value="Ayat secara acak" />
			<text id="UNTITLED" value="Nirjudul" />
			<text id="SET_DEFAULT" value="Set sbg default" />
			<text id="NOT_LOADED" value="Tidak dimasukan" />
			<text id="ID"       value="ID" />
			<text id="OVERWRITE" value="Timpa" />
			<text id="SAVE"     value="Simpan" />
			<text id="PATH"     value="Path" />
			<text id="SHOW_REFS" value="Tampilkan Referensi" />
			<text id="MOVE_UP" value="Naik" />
			<text id="MOVE_DOWN" value="Turun" />
			<text id="MULTI_TRANS" value="Multi-Terjemah" /> <!-- NOTE: This element replaced with CUSTOM_MIXED -->
			<text id="CONFIG_CUSTOM_TRANS" value="Set Terjemahan" />
			<text id="GO" value="Go" />
			<text id="CAUTION" value="Peringatan" />
			<text id="ADVANCED" value="Tingkat Lanjut" />
			<text id="QUERY_DETAIL" value="Detail Query" />
			<text id="PAGE" value="Halaman" />
			<text id="MULTILINE" value="Multi-baris" />
			<text id="TOGGLE" value="Toggle" />
			<text id="AUDIO" value="Audio"   />
			<text id="CONTINUOUS" value="Continuous"   />
			<text id="DISCRETE" value="Discrete"   />
			<text id="PLAY" value="Play"   />
			<text id="PAUSE" value="Pause"   />
			<text id="STOP" value="Stop"   />
			<text id="RECITATION" value="Recitation"   />
			<text id="MENU_NEXT_AYA" value="Next Aya"   />
			<text id="MENU_NEXT_SURA" value="Next Sura"   />
			<text id="MENU_PREV_AYA" value="Previous Aya"   />
			<text id="MENU_PREV_SURA" value="Previous Sura"   />
			<text id="MENU_NEXT_JUZ" value="Next Juz"   />
			<text id="MENU_PREV_JUZ" value="Previous Juz"   />
			<text id="MENU_NEXT_HIZBQ" value="Next Hizb Quarter"   />
			<text id="MENU_PREV_HIZBQ" value="Previous Hizb Quarter"   />
			<text id="MENU_NEXT_SAJDA" value="Next Sajda"   />
			<text id="MENU_PREV_SAJDA" value="Previous Sajda"   />
		</common>
		<special>
			<text id="QURAN"    value="Quran" />
			<text id="QURAN_VIEWTYPE"    value="Quran"   />
			<text id="SURA"     value="Surat" />
			<text id="AYA"      value="Ayat" />
			<text id="SAJDA"    value="Sajadah" />
			<text id="JUZ"      value="Juz" />
			<text id="HIZB"     value="Hizab" />
			<text id="QUARTER"  value="Seperempat" />
			<text id="MAKKI"    value="Makkiah" />
			<text id="MADANI"   value="Madaniah" />
			<text id="DESCENT"  value="Turun" />
			<text id="AYA_COUNT"  value="Jumlah Ayat" />
			<text id="MINOR_SAJDA" value="Sunat Sujud" /> <!-- Mustahab Sajda -->
			<text id="MAJOR_SAJDA" value="Wajib Sujud" /> <!-- Wajib Sajda -->
			<text id="LOCATION" value="Lokasi" /> <!-- means a Quran location, e.g. 2-12 for sura Al-Baghara, aya 12 -->
		</special>
	</word>

	<message>
		<inform>
			<text id="SEARCH_RESULT_TITLE" value="Hasil Pencarian untuk: &quot;{1}&quot;" />
			<text id="SEARCH_RESULT_COUNT" value="{1} hasil ditemukan di {2} ayat." />
			<text id="SEARCH_PAGE" value="Page {1} of {2}" />
			<text id="TOO_MANY_RESULT" value="Pencarian menghasilkan lebih dari {1} ayat" />
			<text id="FILE_ALREADY_EXISTS" value="File dengan nama &quot;{1}&quot; sudah ada. Anda ingin menggantinya?" />
			<text id="RESTART_APP" value="Untuk melihat efek perubahan yang telah dilakukan, Anda harus me-restart aplikasi ini." />
		</inform>
		<confirm>
			<text id="YES_NO" value="Anda Yakin?" />
			<text id="DEL_YES_NO" value="Hapus item-item {1} secara permanen ?" />
		</confirm>
		<error>
			<text id="GENERAL_ERROR" value="Kesalahan yang tidak diharapkan telah terjadi" />
			<text id="FNF" value="File tidak ditemukan" />
			<text id="ACTION_FAILED" value="Gagal!" />
		</error>
		<hint></hint>
	</message>

	<forms>
		<global>
			<text id="APP_NAME" value="Zekr" />
			<text id="APP_FULL_NAME" value="Proyek Qur'an Dzikir" />
			<text id="FORM_TITLE" value="Zekr" />
			<text id="COPYRIGHT_DISCLAIMER" value="Program ini didistribusikan secara bebas dengan harapan dapat bermanfaat, namun tanpa jaminan/garansi." />
		</global>
		<form id="QURAN_FORM">
			<text id="TITLE" value="Zekr" />
			<text id="NEW_SCOPE" value="Lingkup Baru" />
			<text id="EDIT_SCOPES" value="Edit Lingkup" />
			<text id="NO_SCOPE" value="Tidak ada Lingkup" />
			<text id="CURRENT_PAGE" value="Halaman saat ini" />
			<text id="QURAN_SCOPE"    value="Quran"   />
			<text id="TRANSLATION_SCOPE" value="Terjemahan"   />
			<text id="NATURAL_ORDER" value="Urut Natural" />
			<text id="RELEVANCE" value="Kterkaitan" />
			<text id="SORT_BY" value="Urut Hasil berdasar" />
		</form>
		<form id="OPTIONS_FORM">
			<text id="THEME_OPTIONS" value="Tema"   />
			<text id="GENERAL_OPTIONS"  value="Umum"   />
			<text id="VIEW_OPTIONS"     value="Tampilan"   />
			<text id="TITLE" value="Opsi Aplikasi" />
			<text id="SHOW_SPLASH" value="Tampilkan logo saat startup" />
			<text id="NEW_KEY" value="Masukan tombol keyboard yang baru" />
			<text id="THEME_SETTING" value="Setting Tema" />
			<text id="PRESS_OK_TO_APPLY" value="Tekan tombol &quot;OK&quot; untuk menerapkan perubahan." />
			<text id="MAX_SEARCH_RESULT" value="Jumlah hasil pencarian maksimal" />
			<text id="RESIZEABLE_TASK_PANE" value="task pane bisa diatur ulang" />
		</form>
		<form id="SEARCH_SCOPE_FORM">
			<text id="TITLE" value="Konfigurasi lingkup pencarian" />
			<text id="SEARCH_SCOPE" value="Lingkup Pencarian" />
			<text id="FROM_SURA" value="Dari Surat" />
			<text id="FROM_AYA" value="Dari Ayat" />
			<text id="TO_SURA" value="Ke Surat" />
			<text id="TO_AYA" value="Ke Ayat" />
			<text id="ILLEGAL_SEARCH_SCOPE" value="Lingkup item pencarian Salah" />
		</form>
		<form id="MANAGE_SCOPES_FORM">
			<text id="TITLE" value="Edit Lingkup Pencarian" />
		</form>
		<form id="BOOKMARK_SET_FORM">
			<text id="TITLE" value="Edit Kumpulan Bookmark : {1}" />
			<text id="NEW_BOOKMARK_FOLDER" value="Folder bookmark baru" />
			<text id="NEW_BOOKMARK_ITEM" value="Bookmark baru" />
			<text id="UNIQUE_NAME" value="Sebuah nama unik" />
			<text id="COMMA_SEPARATED" value="Pisahkan dengan koma jika ada lebih dari satu penulis" />
			<text id="ONLY_ENGLISH" value="Gunakan nama hanya dalam bahasa Inggris (contoh: English, Persian, Arabic, ...)" />
			<text id="DESC_TOOLTIP" value="Konvensi, kutipan, referensi dan topik lain yg berhubungan dengan bookmark, Masukkan ke sini !!" />
		</form>
		<form id="BOOKMARK_SET_MANAGE_FORM">
			<text id="TITLE" value="Atur Kumpulan Bookmark " />
			<text id="DBL_CLICK" value="Double klik pada item untuk menampilkan atau mengeditnya" />
			<text id="SET_AS_DEFAULT" value="Apakah anda ingin mengeset &quot;{1}&quot; sebagai default bookmark anda?" />
			<text id="CANNOT_REMOVE_DEFAULT" value="Tidak bisa membuang bookmark default." />
			<text id="CANNOT_OVERWRITE_DEFAULT" value="Tidak bisa menimpa setting bookmark default. Pilih setting bookmark lain sebagai default dan coba untuk mengimportnya" />
			<text id="ENTER_ID" value="Masukan nomor ID bookmark" />
			<text id="NEW_BOOKMARK_SET" value="Setting Bookmark Baru" />
			<text id="EXPORT4WEB" value="Ekspor untuk Web" />
		</form>
		<form id="BOOKMARK_ITEM_FORM">
			<text id="TITLE" value="Edit Properti Bookmark " />
			<text id="QURAN_LOCATIONS" value="Lokasi Quran" />
			<text id="NEW_BOOKMARK" value="Bookmark baru" />
			<text id="NEW_FOLDER" value="Folder Baru" />
		</form>
		<form id="BOOKMARK_REF">
			<text id="TITLE" value="Bookmark menunjuk ke: {1}" />
		</form>
		<form id="IMPORT_QUESTION">
			<text id="IMPORT_FOR" value="Impor user-user berikut ini:" />
			<text id="ME_ONLY" value="Hanya untuk Saya" />
			<text id="ALL_USERS" value="Semua user (membutuhkan hak akses untuk menulis ke direktori instalasi)" />
			<text id="FOLLOWING_USERS" value="Indekskan untuk user-user berikut " />
		</form>
		<form id="CONFIG_CUSTOM_TRANS">
			<text id="REMOVE_CUSTOM"   value="Buang"   />
			<text id="ADD_CUSTOM"      value="Tambah"   />
			<text id="TITLE" value="Konfigurasi terjemahan" />
			<text id="AVAILABLE" value="Terjemahan yg tersedia" />
			<text id="CURRENT" value="Terjemahan saat ini" />
		</form>
		<form id="PROGRESS">
			<text id="PLEASE_WAIT" value="Silakan Tunggu" />
			<text id="INDEXING" value="Sedang mengindeks" /><!-- The process of indexing a document for faster search -->
			<text id="TAKE_TIME" value=" Proses ini akan berlangsung beberapa menit, tergantung pada ukuran file yg sedang di indeks." />
		</form>
	</forms>
</language>
