<?xml version="1.0" encoding="UTF-8"?>
<language author="Pakhtosoft" version="0.6">
	<locale localizedName="پښتو" name="Pashto" id="ps_AF" direction="rtl" />
	<word>
		<common>
			<text id="OK" value="هوکې" />
			<text id="CANCEL" value="بندول" />
			<text id="YES" value="هو" />
			<text id="NO" value="نه" />
			<text id="APPLY" value="کارول" />
			<text id="START" value="پېل" />
			<text id="RESET" value="تشول" />
			<text id="NEW" value="نوی" />
			<text id="SAVE_AS" value="ساتل" />
			<text id="HELP" value="مرسته" />
			<text id="EDIT" value="سمون" />
			<text id="SEARCH" value="لټون" />
			<text id="GOTO" value="ته لاړ شه" />
			<text id="VIEW" value="ليد" />
			<text id="CLOSE" value="بندول" />
			<text id="INSERT" value="ورننويستل" />
			<text id="DETAILS" value="خبرتياوې" />
			<text id="MORE" value="نور" />
			<text id="NEXT" value="راتلونکی" />
			<text id="PREVIOUS" value="وروستی" />
			<text id="REFRESH" value="تاندول" />
			<text id="UPDATE" value="اوسمهالول" />
			<text id="SHOW" value="وښيه" />
			<text id="NAME" value="نوم" />
			<text id="VALUE" value="ارزښت" />
			<text id="NUMBER" value="شمېره" />
			<text id="OPTION" value="غوراوي" />
			<text id="FILE" value="دوتنه" />
			<text id="RELOAD" value="بيا پېلول" />
			<text id="TYPE" value="ډول" />
			<text id="MESSAGE" value="استوزه" />
			<text id="BLOCK" value="غونډ" />
			<text id="LINE_BY_LINE" value="ليکه پر ليکه" />
			<text id="AND" value="او" />
			<text id="COMMA" value="،" />
			<text id="SYNCHRONOUS" value="هممهاله" />
			<text id="ERROR" value="تېروتنه" />
			<text id="LANGUAGE" value="ژبه" />
			<text id="ABOUT" value="په اړه" />
			<text id="PRINT" value="چاپ" />
			<text id="HOMEPAGE" value="کورپاڼه" />
			<text id="WHOLE_QURAN" value="ټول کران" />
			<text id="MATCH_DIACRITIC" value="نښې پرتله کول" />
			<text id="MATCH_CASE" value="غټ-واړه توري پرتله کول" />
			<text id="NEXT_AYA" value="راتلونكی ايت" />
			<text id="NEXT_SURA" value="راتلونكی سورت" />
			<text id="PREV_AYA" value="وروستی ايت" />
			<text id="PREV_SURA" value="وروستی سورت" />
			<text id="THEME" value="ويينه" />
			<text id="LAYOUT"   value="هډوانه" />
			<text id="TOOLS"    value="توکي" />
			<text id="ADD"      value="زياتول" />
			<text id="DELETE"   value="ړنګول" />
			<text id="REMOVE"   value="ړنګول" />
			<text id="TRANSLATION" value="ژباړه" />
			<text id="TRANSLATION_VIEWTYPE" value="ژباړه"   />
			<text id="OPEN"     value="پرانيستل" />
			<text id="IMPORT"   value="راوړل" />
			<text id="COPY"     value="لمېسل" />
			<text id="SEPARATE" value="بېل" />
			<text id="MIXED"    value="يوځای" />
			<text id="OPTIONS"  value="غوراوي" />
			<text id="QUESTION" value="پوښتنه" />
			<text id="FONT"     value="ليکبڼه" />
			<text id="EXIT"     value="وتون" />
			<text id="GENERAL"  value="ټوليز" />
			<text id="EXCLUDE"  value="اېستل" />
			<text id="TRUE"     value="سم" />
			<text id="FALSE"    value="ناسم" />
			<text id="SELECT"   value="ټاکل" />
			<text id="EXPORT"   value="لېږل" />
			<text id="IMPORT"   value="راوړل" />
			<text id="DESCRIPTION" value="سپړاوي" />
			<text id="BOOKMARKS" value="نښې" />
			<text id="CONFIGURE" value="سازول" />
			<text id="EDIT_BOOKMARK_SET" value="د نښو د ټولګيو سمون" />
			<text id="MANAGE_BOOKMARK_SETS" value="د نښو د ټولګيو سمبالول" />
			<text id="DIRECTION" value="ليکلور" />
			<text id="LANG_DIRECTION" value="د ژبې ليکلور" />
			<text id="RTL"      value="ښي-کيڼ" />
			<text id="LTR"      value="کيڼ-ښي" />
			<text id="AUTHOR"   value="ليکوال" />
			<text id="VERSION"  value="نسخه" />
			<text id="RANDOM_AYA" value="ناټاکلی ايت" />
			<text id="UNTITLED" value="بې سرليکه" />
			<text id="SET_DEFAULT" value="تلوالول" />
			<text id="NOT_LOADED" value="پېل شوی نه دی" />
			<text id="ID"       value="پېژند" />
			<text id="OVERWRITE" value="پر سر ليکل" />
			<text id="SAVE"     value="ساتل" />
			<text id="PATH"     value="يونلور" />
			<text id="SHOW_REFS" value="اخځ ښودل" />
			<text id="MOVE_UP" value="پورته خوځول" />
			<text id="MOVE_DOWN" value="ښکته خوځول" />
			<text id="MULTI_TRANS" value="ګڼې ژباړې" />
			<text id="CONFIG_CUSTOM_TRANS" value="دوديزې ژباړې سازول" />
			<text id="GO" value="ورتګ" />
			<text id="CAUTION" value="پاملرنه" />
			<text id="ADVANCED" value="ژور لټون" />
			<text id="QUERY_DETAIL" value="د لټون ځانګړتيا" />
			<text id="PAGE" value="پاڼه" />
			<text id="MULTILINE" value="څو ليکه ايز" />
			<text id="TOGGLE" value="پرانيستل/بندول" />
			<text id="AUDIO" value="غږ"   />
			<text id="CONTINUOUS" value="پرله پسې"   />
			<text id="DISCRETE" value="بېل"   />
			<text id="PLAY" value="غږول"   />
			<text id="PAUSE" value="ځنډ"   />
			<text id="STOP" value="تمول"   />
			<text id="RECITATION" value="لوستنه"   />
			<text id="MENU_NEXT_AYA" value="Next Aya"   />
			<text id="MENU_NEXT_SURA" value="Next Sura"   />
			<text id="MENU_PREV_AYA" value="Previous Aya"   />
			<text id="MENU_PREV_SURA" value="Previous Sura"   />
			<text id="MENU_NEXT_JUZ" value="Next Juz"   />
			<text id="MENU_PREV_JUZ" value="Previous Juz"   />
			<text id="MENU_NEXT_HIZBQ" value="Next Hizb Quarter"   />
			<text id="MENU_PREV_HIZBQ" value="Previous Hizb Quarter"   />
			<text id="MENU_NEXT_SAJDA" value="Next Sajda"   />
			<text id="MENU_PREV_SAJDA" value="Previous Sajda"   />
		</common>
		<special>
			<text id="QURAN" value="کران" />
			<text id="QURAN_VIEWTYPE" value="کران"   />
			<text id="SURA" value="سورت" />
			<text id="AYA" value="ايت" />
			<text id="SAJDA" value="سجده" />
			<text id="JUZ" value="برخه" />
			<text id="HIZB"     value="ټوټه" />
			<text id="QUARTER"  value="پاو" />
			<text id="MAKKI" value="مكي" />
			<text id="MADANI" value="مدني" />
			<text id="DESCENT" value="نزول" />
			<text id="AYA_COUNT" value="د ايتونو شمېر" />
			<text id="MINOR_SAJDA" value="وړه سجده" /> <!-- Mustahab Sajda -->
			<text id="MAJOR_SAJDA" value="لويه سجده" /> <!-- Wajib Sajda -->
			<text id="LOCATION" value="ځای" /> <!-- means a Quran location, e.g. 2-12 for sura Al-Baghara, aya 12 -->
		</special>
	</word>

	<message>
		<inform>
			<text id="SEARCH_RESULT_TITLE" value="د &quot;{1}&quot; د لټون پايلې" />
			<text id="SEARCH_RESULT_COUNT" value="په {2} ايتونو کښې {1} پاېلې ترلاسه شوې" />
			<text id="SEARCH_PAGE" value="پاڼه {1} له {2}" />
			<text id="TOO_MANY_RESULT" value="د لټون پايلې له {1} ايتونو څخه زياتې دي" />
			<text id="FILE_ALREADY_EXISTS" value="په &quot;{1}&quot; نوم دوتنه له مخکې نه شته دی. ايا غواړی چې ځايناستی يې کړئ؟" />
			<text id="RESTART_APP" value=".ددې لپاره چې دا بدلونونه پرځاي شي، پوستکالی بيابيلات کړئ" />
		</inform>
		<confirm>
			<text id="YES_NO" value="ايا ډاډمن يۍ؟" />
			<text id="DEL_YES_NO" value="ايا {1} د تل لپاره ړنګول غواړئ؟" />
		</confirm>
		<error>
			<text id="GENERAL_ERROR" value="يوه ناپېژندلې تېروتنه پېښه شوه!" />
			<text id="FNF" value="دوتنه ونه موندل شو!" />
			<text id="ACTION_FAILED" value="کړنه بريالۍ نشوه!" />
		</error>
		<hint></hint>
	</message>

	<forms>
		<global>
			<text id="APP_NAME" value="زکر" />
			<text id="APP_FULL_NAME" value="د سپېڅلي کران د زکر پروژه" />
			<text id="FORM_TITLE" value="زکر" />
			<text id="COPYRIGHT_DISCLAIMER" value="دا پوستکالی په وړيا توګه او په دې هيله چې ستاسو لپاره ګټور اوسي په واک کې مو اېښودل کېږي. خو پرته له کوم ډول ګرنټۍ څخه." />
		</global>
		<form id="QURAN_FORM">
			<text id="TITLE" value="زکر" />
			<text id="NEW_SCOPE" value="نوې سيمه" />
			<text id="EDIT_SCOPES" value="سيمه سمون" />
			<text id="NO_SCOPE" value="هېڅ سيمه" />
			<text id="CURRENT_PAGE" value="همدا پاڼه" />
			<text id="QURAN_SCOPE" value="کران"   />
			<text id="TRANSLATION_SCOPE" value="ژباړه"   />
			<text id="NATURAL_ORDER" value="ساده ترتیب" />
			<text id="RELEVANCE" value="يو ډول والي" />
			<text id="SORT_BY" value="برابرول پر بنسټ د" />
		</form>
		<form id="OPTIONS_FORM">
			<text id="THEME_OPTIONS" value="ويينه"   />
			<text id="GENERAL_OPTIONS"  value="ټوليز"   />
			<text id="VIEW_OPTIONS" value="ليد"   />
			<text id="TITLE" value="دپوستکالي غوراوي" />
			<text id="SHOW_SPLASH" value="پيلېدو پر مهال د پيلوونکي انځور ښودنه" />
			<text id="NEW_KEY" value="نوې کيلۍ جوړول" />
			<text id="THEME_SETTING" value="د ويينې برابرونه" />
			<text id="PRESS_OK_TO_APPLY" value="د بدلون راوړلو لپاره د &quot;هوکې&quot; تڼۍ ټک وهئ." />
			<text id="MAX_SEARCH_RESULT" value="د لټون د پايلو زيات نه زيات شمېر" />
			<text id="RESIZEABLE_TASK_PANE" value="د دندې چوکاټ وړېدو/غټېدو وړتيا" />
		</form>
		<form id="SEARCH_SCOPE_FORM">
			<text id="TITLE" value="د لټون سيمې غوراوي" />
			<text id="SEARCH_SCOPE" value="لټون سيمه" />
			<text id="FROM_SURA" value="له دې سورته" />
			<text id="FROM_AYA" value="له دې ايته" />
			<text id="TO_SURA" value="تر دی سورته" />
			<text id="TO_AYA" value="تردی ايته" />
			<text id="ILLEGAL_SEARCH_SCOPE" value="لټون سيمه سمه نه ده" />
		</form>
		<form id="MANAGE_SCOPES_FORM">
			<text id="TITLE" value="لټون سيمې سمبالول" />
		</form>
		<form id="BOOKMARK_SET_FORM">
			<text id="TITLE" value="د نښو د ټولګي سمون: {1}" />
			<text id="NEW_BOOKMARK_FOLDER" value="نوې نښه پوښۍ" />
			<text id="NEW_BOOKMARK_ITEM" value="نوې نښه" />
			<text id="UNIQUE_NAME" value="بېساری نوم" />
			<text id="COMMA_SEPARATED" value="که ليکوالان ډېر وي نو له وېرګول څخه ګټه واخلئ" />
			<text id="ONLY_ENGLISH" value="يوازې له انګريزي نومونو څخه ګټه واخلۍ (لکه English ،Pashto ،Arabic او ...)" />
			<text id="DESC_TOOLTIP" value="تړونونه، اخستنې، اخځونه، او نور نښان ډوله توکي دلته وي" />
		</form>
		<form id="BOOKMARK_SET_MANAGE_FORM">
			<text id="TITLE" value="د نښو د ټولګې د ځانګړتياوو سمبالونه" />
			<text id="DBL_CLICK" value="د توکيو کتلو او يا سمولو لپاره هغه دوه ځله ټک وهئ" />
			<text id="SET_AS_DEFAULT" value='ايا غواړئ چې &quot;{1}&quot; ؟د خپل تلوالې نښه ټولګې په توګه وټاکئ' />
			<text id="CANNOT_REMOVE_DEFAULT" value=".تلواله نښه ټولګه له منځه نشي وړل کېدی" />
			<text id="CANNOT_OVERWRITE_DEFAULT" value="د تلولالې نښه ټولګې ځای بل نښه ټولګه نيولی نشي. لومړی يوه بله نښه ټولګه تلواله کړئ او بيا د راوړلو کوښښ وکړئ." />
			<text id="ENTER_ID" value="د ټولګې پېژند وليکئ" />
			<text id="NEW_BOOKMARK_SET" value="نوې نښه ټولګه" />
			<text id="EXPORT4WEB" value="د وېب په ډول لېږل" />
		</form>
		<form id="BOOKMARK_ITEM_FORM">
			<text id="TITLE" value="د نښې د ځانګړتياوو بدلون" />
			<text id="QURAN_LOCATIONS" value="د کران ځایونه" />
			<text id="NEW_BOOKMARK" value="نوې نښه" />
			<text id="NEW_FOLDER" value="نوې پوښئ" />
		</form>
		<form id="BOOKMARK_REF">
			<text id="TITLE" value="د نښې اخځ: {1}" />
		</form>
		<form id="IMPORT_QUESTION">
			<text id="IMPORT_FOR" value="د لاندې كارنانو لپاره يې راوړه:" />
			<text id="ME_ONLY" value="يواځې زه" />
			<text id="ALL_USERS" value="ټول کارنان (په سمبالوونکې پوښۍ د ليکلو د واک اړتيا لري)" />
			<text id="FOLLOWING_USERS" value="د لاندې کارنانو لپاره يې لړيال کړه:" />
		</form>
		<form id="CONFIG_CUSTOM_TRANS">
			<text id="REMOVE_CUSTOM"   value="مه کاوره"   />
			<text id="ADD_CUSTOM"      value="وکاروه"   />
			<text id="TITLE" value="د دوديزو ژباړو برابرول" />
			<text id="AVAILABLE" value="شته ژباړې:" />
			<text id="CURRENT" value="کارېدونکې ژباړې:" />
		</form>
		<form id="PROGRESS">
			<text id="PLEASE_WAIT" value="مهرباني وکړﺉ لږ تمه وکړﺉ" />
			<text id="INDEXING" value="لړياليږي" /><!-- The process of indexing a document for faster search -->
			<text id="TAKE_TIME" value="دا کار کېدی شي د لړيالېدونکې دوتنې د کچې پر بنسټ يو څو شيبې ونيسي." />
		</form>
	</forms>
</language>
