<?xml version="1.0" encoding="UTF-8"?>
<language author="Michael Kalinin" version="0.6.5">
	<locale localizedName="Русский" name="Russian" id="ru_RU" direction="ltr" />
	<word>
		<common>
			<text id="OK"       value="OK" />
			<text id="CANCEL"   value="Отменить" />
			<text id="YES"      value="Да" />
			<text id="NO"       value="Нет" />
			<text id="APPLY"    value="Применить" />
			<text id="START"    value="Запуск" />
			<text id="RESET"    value="Сброс" />
			<text id="NEW"      value="Новый" />
			<text id="SAVE_AS"  value="Сохранить как" />
			<text id="HELP"     value="Справка" />
			<text id="EDIT"     value="Редактировать" />
			<text id="SEARCH"   value="Поиск" />
			<text id="GOTO"     value="Перейти к" />
			<text id="VIEW"     value="Вид" />
			<text id="CLOSE"    value="Закрыть" />
			<text id="INSERT"   value="Вставить" />
			<text id="DETAILS"  value="Подробности" />
			<text id="MORE"     value="Больше" />
			<text id="NEXT"     value="Следующий" />
			<text id="PREVIOUS" value="Предыдущий" />
			<text id="REFRESH"  value="Освежить" />
			<text id="UPDATE"   value="Обновить" />
			<text id="SHOW"     value="Показать" />
			<text id="NAME"     value="Название" />
			<text id="VALUE"    value="Значение" />
			<text id="NUMBER"   value="Номер" />
			<text id="OPTION"   value="Опция" />
			<text id="FILE"     value="Файл" />
			<text id="RELOAD"   value="Освежить" />
			<text id="TYPE"     value="Тип" />
			<text id="MESSAGE"  value="Сообщение" />
			<text id="BLOCK"    value="Блок" />
			<text id="LINE_BY_LINE" value="Строки" />
			<text id="AND"      value="и" />
			<text id="COMMA"    value="," />
			<text id="SYNCHRONOUS" value="Синхронно" />
			<text id="ERROR"    value="Ошибка" />
			<text id="LANGUAGE" value="Язык" />
			<text id="ABOUT"    value="О программе" />
			<text id="PRINT"    value="Печать" />
			<text id="HOMEPAGE" value="Домашняя страница" />
			<text id="WHOLE_QURAN" value="По всему Корану" />
			<text id="MATCH_DIACRITIC" value="С учетом огласовок" />
			<text id="MATCH_CASE" value="С учетом регистра" />
			<text id="NEXT_AYA" value="Следующий аят" />
			<text id="NEXT_SURA" value="Следующая сура" />
			<text id="PREV_AYA" value="Предыдущий аят" />
			<text id="PREV_SURA" value="Предыдущая сура" />
			<text id="THEME"    value="Тема" />
			<text id="LAYOUT"   value="Макет" />
			<text id="TOOLS"    value="Инструменты" />
			<text id="ADD"      value="Добавить" />
			<text id="DELETE"   value="Удалить" />
			<text id="REMOVE"   value="Удалить" />
			<text id="TRANSLATION" value="Перевод" />
			<text id="TRANSLATION_VIEWTYPE" value="Перевод"   />
			<text id="OPEN"     value="Открыть" />
			<text id="IMPORT"   value="Импорт" />
			<text id="COPY"     value="Копировать" />
			<text id="SEPARATE" value="Раздельно" />
			<text id="MIXED"    value="Вместе" />
			<text id="OPTIONS"  value="Опции" />
			<text id="QUESTION" value="Вопрос" />
			<text id="FONT"     value="Шрифт" />
			<text id="GENERAL"  value="Общие" />
			<text id="EXIT"     value="Выход" />
			<text id="EXCLUDE"  value="Исключить" />
			<text id="TRUE"     value="Правильный" />
			<text id="FALSE"    value="Неправильный" />
			<text id="SELECT"   value="Выбрать" />
			<text id="EXPORT"   value="Экспорт" />
			<text id="IMPORT"   value="Импорт" />
			<text id="DESCRIPTION" value="Описание" />
			<text id="BOOKMARKS" value="Закладки" />
			<text id="CONFIGURE" value="Настройка набора закладок" />
			<text id="EDIT_BOOKMARK_SET" value="Редактировать набор закладок" />
			<text id="MANAGE_BOOKMARK_SETS" value="Управление наборами закладок" />
			<text id="DIRECTION" value="Направление" />
			<text id="LANG_DIRECTION" value="Направление текста" />
			<text id="RTL"      value="Справа налево" />
			<text id="LTR"      value="Слева направо" />
			<text id="AUTHOR"   value="Автор" />
			<text id="VERSION"  value="Версия" />
			<text id="RANDOM_AYA" value="Произвольный аят" />
			<text id="UNTITLED" value="Безымянный" />
			<text id="SET_DEFAULT" value="По умолчанию" />
			<text id="NOT_LOADED" value="Не загружен" />
			<text id="ID"       value="Идентификатор" />
			<text id="OVERWRITE" value="Перезаписать" />
			<text id="SAVE"     value="Сохранить" />
			<text id="PATH"     value="Путь" />
			<text id="SHOW_REFS" value="Показать ссылки" />
			<text id="MOVE_UP" value="Переместить вверх" />
			<text id="MOVE_DOWN" value="Переместить вниз" />
			<text id="MULTI_TRANS" value="Многоязычный" />
			<text id="CONFIG_CUSTOM_TRANS" value="Настройка многоязычных переводов" />
			<text id="GO" value="Перейти" />
			<text id="CAUTION" value="осторожный" />
			<text id="ADVANCED" value="Расширенный" />
			<text id="QUERY_DETAIL" value="Детали запроса" />
			<text id="PAGE" value="Страница" />
			<text id="MULTILINE" value="Несколько строк" />
			<text id="TOGGLE" value="Развернуть" />
			<text id="AUDIO" value="Аудио"   />
			<text id="CONTINUOUS" value="Читать всю суру"   />
			<text id="DISCRETE" value="Читать только аят"   />
			<text id="PLAY" value="Воспроизвести"   />
			<text id="PAUSE" value="Пауза"   />
			<text id="STOP" value="Остановить"   />
			<text id="RECITATION" value="Чтец Корана"   />
			<text id="MENU_NEXT_AYA" value="Next Aya"   />
			<text id="MENU_NEXT_SURA" value="Next Sura"   />
			<text id="MENU_PREV_AYA" value="Previous Aya"   />
			<text id="MENU_PREV_SURA" value="Previous Sura"   />
			<text id="MENU_NEXT_JUZ" value="Next Juz"   />
			<text id="MENU_PREV_JUZ" value="Previous Juz"   />
			<text id="MENU_NEXT_HIZBQ" value="Next Hizb Quarter"   />
			<text id="MENU_PREV_HIZBQ" value="Previous Hizb Quarter"   />
			<text id="MENU_NEXT_SAJDA" value="Next Sajda"   />
			<text id="MENU_PREV_SAJDA" value="Previous Sajda"   />
		</common>
		<special>
			<text id="QURAN"    value="Коран" />
			<text id="QURAN_VIEWTYPE"    value="Коран"   />
			<text id="SURA"     value="Сура" />
			<text id="AYA"      value="Аят" />
			<text id="SAJDA"    value="Земной поклон" />
			<text id="JUZ"      value="Джуз" />
			<text id="HIZB"     value="Хизб" />
			<text id="QUARTER"  value="Четверть" />
			<text id="MAKKI"    value="Мекканская" />
			<text id="MADANI"   value="Мединская" />
			<text id="DESCENT"  value="Ниспослана" />
			<text id="AYA_COUNT"  value="Число аятов" />
			<text id="MINOR_SAJDA" value="Малый земной поклон" /> <!-- Желательный земной поклон (мустахаб) -->
			<text id="MAJOR_SAJDA" value="Большой земной поклон" /> <!-- Обязательный земной поклон (ваджиб) -->
			<text id="LOCATION" value="Расположение" /> <!-- означает расположение в Коране, например 2-12 означает суру "Корова", аят 12 -->
		</special>
	</word>

	<message>
		<inform>
			<text id="SEARCH_RESULT_TITLE" value="Результаты поиска для: &quot;{1}&quot;" />
			<text id="SEARCH_RESULT_COUNT" value="{1} результатов найдено в {2} аятах." />
			<text id="SEARCH_PAGE" value="Страница {1} из {2}" />
			<text id="TOO_MANY_RESULT" value="Результат поиска в более, чем {1} аятах" />
			<text id="FILE_ALREADY_EXISTS" value="Файл с именем &quot;{1}&quot; уже существует. Вы хотите заменить его?" />
			<text id="RESTART_APP" value="Требуется перезапуск приложения, чтобы изменения вступили в силу." />
		</inform>
		<confirm>
			<text id="YES_NO" value="Вы уверены?" />
			<text id="DEL_YES_NO" value="Удалить безвозвратно {1} элемент(ов)?" />
		</confirm>
		<error>
			<text id="GENERAL_ERROR" value="Произошла неожиданная ошибка" />
			<text id="FNF" value="Файл не найден" />
			<text id="ACTION_FAILED" value="Действие не удалось!" />
		</error>
		<hint></hint>
	</message>

	<forms>
		<global>
			<text id="APP_NAME" value="Зикр" />
			<text id="APP_FULL_NAME" value="Зикр. Коранический проект" />
			<text id="FORM_TITLE" value="Зикр" />
			<text id="COPYRIGHT_DISCLAIMER" value="Эта программа распространяется бесплатно в надежде на то, что она будет полезна, однако без каких-либо гарантий." />
		</global>
		<form id="QURAN_FORM">
			<text id="TITLE" value="Зикр" />
			<text id="NEW_SCOPE" value="Создать новое правило" />
			<text id="EDIT_SCOPES" value="Редактировать правила" />
			<text id="NO_SCOPE" value="Без правил" />
			<text id="CURRENT_PAGE" value="Текущая страница" />
			<text id="QURAN_SCOPE"    value="Коран"   />
			<text id="TRANSLATION_SCOPE" value="Перевод"   />
			<text id="NATURAL_ORDER" value="Обычный порядок" />
			<text id="RELEVANCE" value="По релевантности" />
			<text id="SORT_BY" value="Сортировка" />
		</form>
		<form id="OPTIONS_FORM">
			<text id="THEME_OPTIONS"    value="Тема"   />
			<text id="GENERAL_OPTIONS"  value="Общие"   />
			<text id="VIEW_OPTIONS"     value="Вид"   />
			<text id="TITLE" value="Опции программы" />
			<text id="SHOW_SPLASH" value="Показывать логотип при запуске" />
			<text id="NEW_KEY" value="Введите новый ключ" />
			<text id="THEME_SETTING" value="Установки темы" />
			<text id="PRESS_OK_TO_APPLY" value="Нажмите клавишу &quot;OK&quot;, чтобы изменения вступили в силу." />
			<text id="MAX_SEARCH_RESULT" value="Максимальное число аятов, участвующих в поиске" />
			<text id="RESIZEABLE_TASK_PANE" value="Разрешить изменение размера панелей" />
		</form>
		<form id="SEARCH_SCOPE_FORM">
			<text id="TITLE" value="Настройка правил поиска" />
			<text id="SEARCH_SCOPE" value="Правило поиска" />
			<text id="FROM_SURA" value="От суры" />
			<text id="FROM_AYA" value="От аята" />
			<text id="TO_SURA" value="До суры" />
			<text id="TO_AYA" value="До аята" />
			<text id="ILLEGAL_SEARCH_SCOPE" value="Неправильные параметры правил поиска" />
		</form>
		<form id="MANAGE_SCOPES_FORM">
			<text id="TITLE" value="Редактировать правила поиска" />
		</form>
		<form id="BOOKMARK_SET_FORM">
			<text id="TITLE" value="Редактировать набор закладок: {1}" />
			<text id="NEW_BOOKMARK_FOLDER" value="Новая папка" />
			<text id="NEW_BOOKMARK_ITEM" value="Новый элемент списка" />
			<text id="UNIQUE_NAME" value="Уникальное имя" />
			<text id="COMMA_SEPARATED" value="Если авторов больше одного, отделите каждого из них запятой" />
			<text id="ONLY_ENGLISH" value="Напишите название языка по-английски (например, English, Persian, Arabic, ...)" />
			<text id="DESC_TOOLTIP" value="Впишите сюда условные обозначения, цитаты, ссылки и другие описания, связанные с закладкой" />
		</form>
		<form id="BOOKMARK_SET_MANAGE_FORM">
			<text id="TITLE" value="Управление наборами закладок" />
			<text id="DBL_CLICK" value="Для загрузки и/или редактирования дважды щелкните на элементе списка." />
			<text id="SET_AS_DEFAULT" value="Вы хотите установить &quot;{1}&quot; как набор закладок по умолчанию?" />
			<text id="CANNOT_REMOVE_DEFAULT" value="Невозможно удалить закладку по умолчанию." />
			<text id="CANNOT_OVERWRITE_DEFAULT" value="Невозможно перезаписать набор закладок по умолчанию. Выберите другой набор закладок по умолчанию и повторите попытку импорта." />
			<text id="ENTER_ID" value="Введите идентификатор закладки" />
			<text id="NEW_BOOKMARK_SET" value="Новый набор закладок" />
			<text id="EXPORT4WEB" value="Экспорт для Web" />
		</form>
		<form id="BOOKMARK_ITEM_FORM">
			<text id="TITLE" value="Редактировать свойства закладки" />
			<text id="QURAN_LOCATIONS" value="Расположение в Коране" />
			<text id="NEW_BOOKMARK" value="Новая закладка" />
			<text id="NEW_FOLDER" value="Новая папка" />
		</form>
		<form id="BOOKMARK_REF">
			<text id="TITLE" value="Ссылки для аята: {1}" />
		</form>
		<form id="IMPORT_QUESTION">
			<text id="IMPORT_FOR" value="Импортировать для следующих пользователей:" />
			<text id="ME_ONLY" value="Только для меня" />
			<text id="ALL_USERS" value="Все пользователи (требуется доступ для записи в инсталляционную директорию)" />
			<text id="FOLLOWING_USERS" value="Индексировать для следующих пользователей" />
		</form>
		<form id="CONFIG_CUSTOM_TRANS">
			<text id="REMOVE_CUSTOM"   value="Удалить"   />
			<text id="ADD_CUSTOM"      value="Добавить"   />
			<text id="TITLE" value="Настройка многоязычных переводов" />
			<text id="AVAILABLE" value="Доступные переводы" />
			<text id="CURRENT" value="Текущие переводы" />
		</form>
		<form id="PROGRESS">
			<text id="PLEASE_WAIT" value="Пожалуйста, подождите" />
			<text id="INDEXING" value="Индексация" /><!-- Процесс индексации документа для быстрого поиска -->
			<text id="TAKE_TIME" value="Это действие может занять несколько минут в зависимости от размера индексируемого документа." />
		</form>
	</forms>
</language>
