<?xml version="1.0" encoding="UTF-8"?>
<language author="TarikZengin" version="0.6">
	<locale localizedName="Türkçe" name="Turkish" id="tr_TR" direction="ltr" />
	<word>
		<common>
			<text id="OK"       value="Tamam" />
			<text id="CANCEL"   value="İptal" />
			<text id="YES"      value="Evet" />
			<text id="NO"       value="Hayır" />
			<text id="APPLY"    value="Uygula" />
			<text id="START"    value="Başlat" />
			<text id="RESET"    value="Sıfırla" />
			<text id="NEW"      value="Yeni" />
			<text id="SAVE_AS"  value="Farklı Kaydet" />
			<text id="HELP"     value="Yardım" />
			<text id="EDIT"     value="Düzen" />
			<text id="SEARCH"   value="Ara" />
			<text id="GOTO"     value="Git" />
			<text id="VIEW"     value="Görünüm" />
			<text id="CLOSE"    value="Kapat" />
			<text id="INSERT"   value="Ekle" />
			<text id="DETAILS"  value="Detaylar" />
			<text id="MORE"     value="Ayrıca" />
			<text id="NEXT"     value="İleri" />
			<text id="PREVIOUS" value="Geri" />
			<text id="REFRESH"  value="Yinele" />
			<text id="UPDATE"   value="Güncelle" />
			<text id="SHOW"     value="Göster" />
			<text id="NAME"     value="Ad" />
			<text id="VALUE"    value="Değer" />
			<text id="NUMBER"   value="Sure" />
			<text id="OPTION"   value="Tercih" />
			<text id="FILE"     value="Dosya" />
			<text id="RELOAD"   value="Tekrar Yükle" />
			<text id="TYPE"     value="Tür" />
			<text id="MESSAGE"  value="İleti" />
			<text id="BLOCK"    value="Engelle" />
			<text id="LINE_BY_LINE" value="Satır Satır" />
			<text id="AND"      value="ve" />
			<text id="COMMA"    value="," />
			<text id="SYNCHRONOUS" value="Eşzamanlı" />
			<text id="ERROR"    value="Hata" />
			<text id="LANGUAGE" value="Dil Seçenekleri" />
			<text id="ABOUT"    value="Hakkında" />
			<text id="PRINT"    value="Yazdır" />
			<text id="HOMEPAGE" value="Web Sayfası" />
			<text id="WHOLE_QURAN" value="Tüm Kuran-ı Kerim" />
			<text id="MATCH_DIACRITIC" value="Eşleştir" />
			<text id="MATCH_CASE" value="Karşılaştırma" />
			<text id="NEXT_AYA" value="Sonraki Ayet" />
			<text id="NEXT_SURA" value="Sonraki Sure" />
			<text id="PREV_AYA" value="Önceki Ayet" />
			<text id="PREV_SURA" value="Önceki Sure" />
			<text id="THEME" value="Tema" />
			<text id="LAYOUT"   value="Düzenleme" />
			<text id="TOOLS"     value="Araçlar" />
			<text id="ADD"     value="Ekle" />
			<text id="DELETE"   value="Sil" />
			<text id="REMOVE"   value="Kaldır" />
			<text id="TRANSLATION" value="Meal" />
			<text id="TRANSLATION_VIEWTYPE" value="Meal"   />
			<text id="OPEN"     value="Aç" />
			<text id="IMPORT"   value="Getir" />
			<text id="COPY"     value="Kopyala" />
			<text id="SEPARATE" value="Ayır" />
			<text id="MIXED"    value="Karma" />
			<text id="OPTIONS"  value="Ayarlar" />
			<text id="QUESTION" value="Soru" />
			<text id="FONT"     value="Yazı tipi" />
			<text id="GENERAL"  value="Genel" />
			<text id="EXIT"     value="Çıkış" />
			<text id="EXCLUDE"  value="Hariç" />
			<text id="TRUE"     value="Doğru" />
			<text id="FALSE"    value="Yanlış" />
			<text id="SELECT"   value="Seç" />
			<text id="EXPORT"   value="Dışa Aktar" />
			<text id="IMPORT"   value="İçe Aktar" />
			<text id="DESCRIPTION" value="Açıklama" />
			<text id="BOOKMARKS" value="Yer İmleri" />
			<text id="CONFIGURE" value="Yapılandır" />
			<text id="EDIT_BOOKMARK_SET" value="Yeri imlerini düzenle" />
			<text id="MANAGE_BOOKMARK_SETS" value="Yer imlerini yönet" />
			<text id="DIRECTION" value="Yönetim" />
			<text id="LANG_DIRECTION" value="Dil Yönetimi" />
			<text id="RTL"      value="Sağdan Sola" />
			<text id="LTR"      value="Soldan Sağa" />
			<text id="AUTHOR"   value="Yazar" />
			<text id="VERSION"  value="Versiyon" />
			<text id="RANDOM_AYA" value="Rastgele Ayet" />
			<text id="UNTITLED" value="İsimsiz" />
			<text id="SET_DEFAULT" value="Varsayılan Olarak Ata" />
			<text id="NOT_LOADED" value="Yüklenmemiş" />
			<text id="ID"       value="ID" />
			<text id="OVERWRITE" value="Üzerine Yaz" />
			<text id="SAVE"     value="Kaydet" />
			<text id="PATH"     value="Dizin" />
			<text id="SHOW_REFS" value="Referansı Göster" />
			<text id="MOVE_UP" value="Üste Al" />
			<text id="MOVE_DOWN" value="Alta Al" />
			<text id="MULTI_TRANS" value="Çoklu Çeviri" /> <!-- NOTE: This element replaced with CUSTOM_MIXED -->			<text id="CONFIG_CUSTOM_TRANS" value="Özel Çevirileri Yapılandır" />
			<text id="CONFIG_CUSTOM_TRANS" value="Özel Çevirileri Yapılandır" />
			<text id="GO" value="Git" />
			<text id="CAUTION" value="Uyarı" />
			<text id="ADVANCED" value="Gelişmiş" />
			<text id="QUERY_DETAIL" value="Sorgu Detayı" />
			<text id="PAGE" value="Sayfa" />
			<text id="MULTILINE" value="Çoklusatır" />
			<text id="TOGGLE" value="Toggle"   /> <!-- Untranslated -->	
			<text id="AUDIO" value="Audio"   />
			<text id="CONTINUOUS" value="Continuous"   />
			<text id="DISCRETE" value="Discrete"   />
			<text id="PLAY" value="Play"   />
			<text id="PAUSE" value="Pause"   />
			<text id="STOP" value="Stop"   />
			<text id="RECITATION" value="Recitation"   />
			<text id="MENU_NEXT_AYA" value="Next Aya"   />
			<text id="MENU_NEXT_SURA" value="Next Sura"   />
			<text id="MENU_PREV_AYA" value="Previous Aya"   />
			<text id="MENU_PREV_SURA" value="Previous Sura"   />
			<text id="MENU_NEXT_JUZ" value="Next Juz"   />
			<text id="MENU_PREV_JUZ" value="Previous Juz"   />
			<text id="MENU_NEXT_HIZBQ" value="Next Hizb Quarter"   />
			<text id="MENU_PREV_HIZBQ" value="Previous Hizb Quarter"   />
			<text id="MENU_NEXT_SAJDA" value="Next Sajda"   />
			<text id="MENU_PREV_SAJDA" value="Previous Sajda"   />
		</common>
		<special>
			<text id="QURAN"    value="Kuran-ı Kerim" />
			<text id="QURAN_VIEWTYPE"    value="Kuran-ı Kerim"   />
			<text id="SURA"     value="Sure" />
			<text id="AYA"      value="Ayet" />
			<text id="SAJDA"    value="Secde Ayeti" />
			<text id="JUZ"      value="Cüz" />
			<text id="HIZB"     value="Hizip" />
			<text id="QUARTER"  value="Çeyrek" />
			<text id="MAKKI"    value="Mekki Sure " />
			<text id="MADANI"   value="Medeni Sure" />
			<text id="DESCENT"  value="Nüzul Yeri" />
			<text id="AYA_COUNT"  value="Ayet Sayısı" />
			<text id="MINOR_SAJDA" value="Büyük Secde" />
			<text id="MAJOR_SAJDA" value="Küçük Secde" />
			<text id="LOCATION" value="Konum" /> <!-- means a Quran location, e.g. 2-12 for sura Al-Baghara, aya 12 -->
		</special>
	</word>

	<message>
		<inform>
			<text id="SEARCH_RESULT_TITLE" value="Arama Sonucu: &quot;{1}&quot;" />
			<text id="SEARCH_RESULT_COUNT" value="{2} ayette {1} Sonuç Bulundu." />
			<text id="SEARCH_PAGE" value="Sayfa {1} den {2} ye" />
			<text id="TOO_MANY_RESULT" value="Arama sonucu {1} ayetten fazla" />
			<text id="FILE_ALREADY_EXISTS" value=" &quot;{1}&quot; isimli dosya daha önceden var. Değiştirmek ister misiniz?" />
			<text id="RESTART_APP" value="Değişiklileri kaydetmek için lütfen programı yeniden başlatın." />
		</inform>
		<confirm>
			<text id="YES_NO" value="Emin misiniz?" />
			<text id="DEL_YES_NO" value="{1} Öğeyi Kalıcı Olarak Silmek İster misiniz?" />
		</confirm>
		<error>
			<text id="GENERAL_ERROR" value="Beklenmedik bir hata oluştu!" />
			<text id="FNF" value="Dosya Bulunamadı" />
			<text id="ACTION_FAILED" value="İşlem Başarısız!" />
		</error>
		<hint></hint>
	</message>

	<forms>
		<global>
			<text id="APP_NAME" value="Zekr" />
			<text id="APP_FULL_NAME" value="Zekr Kuran-ı Kerim Projesi" />
			<text id="FORM_TITLE" value="Zekr" />
			<text id="COPYRIGHT_DISCLAIMER" value="Bu program yardım amacıyla bedava dağıtılmaktadır, garantisi yoktur." />
		</global>
		<form id="QURAN_FORM">
			<text id="TITLE" value="Zekr" />
			<text id="NEW_SCOPE" value="Yeni Alan" />
			<text id="EDIT_SCOPES" value="Alanları Düzenle" />
			<text id="NO_SCOPE" value="Alan Yok" />
			<text id="CURRENT_PAGE" value="Bu Sayfa" />
			<text id="QURAN_SCOPE"    value="Kuran-ı Kerim"   />
			<text id="TRANSLATION_SCOPE" value="Meal"   />
			<text id="NATURAL_ORDER" value="Normal Düzen" />
			<text id="RELEVANCE" value="ilintili" />
			<text id="SORT_BY" value="Sonucu Sırala" />
		</form>
		<form id="OPTIONS_FORM">
			<text id="THEME_OPTIONS" value="Tema"   />
			<text id="GENERAL_OPTIONS"  value="Genel"   />
			<text id="VIEW_OPTIONS"     value="Görünüm"   />
			<text id="TITLE" value="Uygulama Seçenekleri" />
			<text id="SHOW_SPLASH" value="Açılış Logosu" />
			<text id="NEW_KEY" value="Yeni Bir Sözcük Giriniz" />
			<text id="THEME_SETTING" value="Tema Ayarları" />
			<text id="PRESS_OK_TO_APPLY" value="Değişikliklerin Geçerli Olabilmesi İçin &quot;TAMAM&quot; Butonuna Basınız." />
			<text id="MAX_SEARCH_RESULT" value="En fazla arama sonucu sayıcısı" />
			<text id="RESIZEABLE_TASK_PANE" value="Boyutlandırılabilir Görev Bölümü" />
		</form>
		<form id="SEARCH_SCOPE_FORM">
			<text id="TITLE" value="Arama Alanını Yapılandır" />
			<text id="SEARCH_SCOPE" value="Arama Alanı" />
			<text id="FROM_SURA" value="Sure'den" />
			<text id="FROM_AYA" value="Ayet'den" />
			<text id="TO_SURA" value="Sure'ye" />
			<text id="TO_AYA" value="Ayet'e" />
			<text id="ILLEGAL_SEARCH_SCOPE" value="Geçersiz Arama Alanı Öğresi" />
		</form>
		<form id="MANAGE_SCOPES_FORM">
			<text id="TITLE" value="Arama Alanlarını Düzenle" />
		</form>
		<form id="BOOKMARK_SET_FORM">
			<text id="TITLE" value="Yer imlerini düzenle: {1}" />
			<text id="NEW_BOOKMARK_FOLDER" value="Yeni Yer İmi Klasörü" />
			<text id="NEW_BOOKMARK_ITEM" value="Yeni Yer İmi" />
			<text id="UNIQUE_NAME" value="Eşi Olmayan Bir İsim" />
			<text id="COMMA_SEPARATED" value="Eğer Birden Fazla Varsa 'virgül' İle Ayrılmış Kelimeler Kullanın" />
			<text id="ONLY_ENGLISH" value="Yalnızca İngilizce İsimleri Kullan (yani English, Farsi, Arabic, ...)" />
			<text id="DESC_TOOLTIP" value="Anlaşmalar, Kotalar, Referanslar, ve Yer İmleriyle İlgili Diğer Başlıklar Buraya" />
		</form>
		<form id="BOOKMARK_SET_MANAGE_FORM">
			<text id="TITLE" value="Yer imlerini yönet" />
			<text id="DBL_CLICK" value="Yüklemek ve/veya Düzenlemek İçin Öğelere Çift Tıkla." />
			<text id="SET_AS_DEFAULT" value="&quot;{1}&quot;'i Varsayılan Yer İmi Olarak Atamak İstiyor musunuz?" />
			<text id="CANNOT_REMOVE_DEFAULT" value="Varsayılan Yer İmi Kaldırılamıyor." />
			<text id="CANNOT_OVERWRITE_DEFAULT" value="Varsayılan Yer İmi'nin Üzerine Yazılamıyor. Başka Bir Yer İmi'ni Varsayılan Olarak Seçin ve İçe Aktarmayı Deneyin." />
			<text id="ENTER_ID" value="Yer İmi ID Numarasını Girin" />
			<text id="NEW_BOOKMARK_SET" value="Yeni Yer İmi" />
			<text id="EXPORT4WEB" value="Web Sayfası Olarak Dışa Aktar" />
		</form>
		<form id="BOOKMARK_ITEM_FORM">
			<text id="TITLE" value="Yer İmi Özelliklerini Düzenle" />
			<text id="QURAN_LOCATIONS" value="Kur'an Konumları" />
			<text id="NEW_BOOKMARK" value="Yeni Yer İmi" />
			<text id="NEW_FOLDER" value="Yeni Klasör" />
		</form>
		<form id="BOOKMARK_REF">
			<text id="TITLE" value="Yer İmi {1} ile İlgili" />
		</form>
		<form id="IMPORT_QUESTION">
			<text id="IMPORT_FOR" value="Aşağıdaki Kullanıcılar İçin İçe Aktar:" />
			<text id="ME_ONLY" value="Yalnızca Benim İçin" />
			<text id="ALL_USERS" value="Tüm Kullanıcılar (Yükleme Dizinine Yazma İzni Gerektirir)" />
			<text id="FOLLOWING_USERS" value="Sonraki kullanıcı için fihrist" />
		</form>
		<form id="CONFIG_CUSTOM_TRANS">
			<text id="REMOVE_CUSTOM"   value="Kaldır"   />
			<text id="ADD_CUSTOM"     value="Ekle"   />
			<text id="TITLE" value="Özel Çevirileri Yapılandır" />
			<text id="AVAILABLE" value="Kullanılabilir Çeviriler" />
			<text id="CURRENT" value="Şu Anki Çeviri" />
		</form>
		<form id="PROGRESS">
			<text id="PLEASE_WAIT" value="Lütfen Bekleyin..." />
			<text id="INDEXING" value="Fihrist hazırlanıyor." /><!-- The process of indexing a document for faster search -->
			<text id="TAKE_TIME" value="Bu işlem, ,indekslenecek dokümanın boyutuna bağlı olarak birkaç dakika alabilir." />
		</form>
	</forms>
</language>
